ลำดับ,ชื่อสินค้า,ราคา,คำอธิบาย,รูปภาพ,ลิงก์,ราคาลดแล้ว,ราคาปกติ,ส่วนลด (%)
1,InnoWeness Smart Soup อาหารสูตรครบถ้วนพร้อมรับประทาน สูตร ซุปกล้วย ผสมไข่ เวย์โปรตีน จำนวน 6 ซอง,฿ 465.00 ฿ 534.00,❤️ CP Official Shop ❤️ ‼️อร่อยง่าย ฟินได้ไม่สะดุด ไปกับ CP‼️ ? Innoweness Smart Soup Sweet Banana อาหารสูตรครบถ้วน ซุปพร้อมทาน มีส่วนผสมจากธรรมชาติ มีส่วนผสมจากธรรมชาติ กล้วย ไข่ เวย์โปรตีน และโปรตีนถั่วเหลือง ?  อัดแน่นคุณประโยชน์เต็มซอง อุดมไปด้วยวัตถุดิบคุณภาพจากธรรมชาติ ที่คัดสรรมาอย่างดีเพื่อสุขภาพ  ✅พลังงาน 330 กิโลแคลอรี่ ✅โปรตีน จากไข่ เวย์โปรตีน และโปรตีนถั่วเหลือง 16 กรัม ✅วิตามินและแร่ธาตุ 21 ชนิด ---------------------------------------- ❤️ สินค้าควรจัดเก็บในอุณหภูมิตามที่ระบุไว้บนฉลาก เพื่อรสชาติที่ดีและคงคุณภาพของอาหาร ❤️ สั่งซื้อภายในวันจันทร์ - ศุกร์ ก่อน 17.00น. จัดส่งสินค้าภายใน 1-3 วันทำการ สั่งซื้อวันศุกร์หลัง 17.00 จะได้รับสินค้า ภายใน2-4วันทำการ ❤️ บริการจัดส่งทั่วทุกพื้นที่ในประเทศไทย ❤️ ลูกค้าสามารถกดสั่งซื้อสินค้าได้ทุกวัน จัดส่งสินค้าภายใน 3 วัน ❤️ หลังจากได้รับสินค้าแล้วกรุณาตรวจเช็คสินค้า และถ่ายคลิปขณะเปิดกล่องสินค้า เพื่อป้องกันกรณีสินค้ามีปัญหา มิฉะนั้นทางเราจะขอสงวนสิทธิ์ในการรับเคลมสินค้าทุกกรณี หากพบปัญหาสามารถแจ้งกับแอดมินร้านได้เลยค่ะ ❤️ #ผลิตภัณฑ์คุณภาพจากเครือซีพี #ให้ทุกคำสร้างวันดีดี,https://f.btwcdn.com/store-50970/product-thumb/eb2f6b11-b2b3-5e5f-2d47-687f3efe21a7.jpg,https://shop.cpbrandsite.com/th/product/1229918/product-1229918?page=1&category_id=133840,฿ 465.00,฿ 534.00,12.92
2,InnoWeness Smart Soup อาหารสูตรครบถ้วนพร้อมรับประทาน สูตร ซุปกล้วย ผสมไข่ เวย์โปรตีน จำนวน 6 ซอง,฿ 465.00 ฿ 534.00,❤️ CP Official Shop ❤️ ‼️อร่อยง่าย ฟินได้ไม่สะดุด ไปกับ CP‼️ ? Innoweness Smart Soup Sweet Banana อาหารสูตรครบถ้วน ซุปพร้อมทาน มีส่วนผสมจากธรรมชาติ มีส่วนผสมจากธรรมชาติ กล้วย ไข่ เวย์โปรตีน และโปรตีนถั่วเหลือง ?  อัดแน่นคุณประโยชน์เต็มซอง อุดมไปด้วยวัตถุดิบคุณภาพจากธรรมชาติ ที่คัดสรรมาอย่างดีเพื่อสุขภาพ  ✅พลังงาน 330 กิโลแคลอรี่ ✅โปรตีน จากไข่ เวย์โปรตีน และโปรตีนถั่วเหลือง 16 กรัม ✅วิตามินและแร่ธาตุ 21 ชนิด ---------------------------------------- ❤️ สินค้าควรจัดเก็บในอุณหภูมิตามที่ระบุไว้บนฉลาก เพื่อรสชาติที่ดีและคงคุณภาพของอาหาร ❤️ สั่งซื้อภายในวันจันทร์ - ศุกร์ ก่อน 17.00น. จัดส่งสินค้าภายใน 1-3 วันทำการ สั่งซื้อวันศุกร์หลัง 17.00 จะได้รับสินค้า ภายใน2-4วันทำการ ❤️ บริการจัดส่งทั่วทุกพื้นที่ในประเทศไทย ❤️ ลูกค้าสามารถกดสั่งซื้อสินค้าได้ทุกวัน จัดส่งสินค้าภายใน 3 วัน ❤️ หลังจากได้รับสินค้าแล้วกรุณาตรวจเช็คสินค้า และถ่ายคลิปขณะเปิดกล่องสินค้า เพื่อป้องกันกรณีสินค้ามีปัญหา มิฉะนั้นทางเราจะขอสงวนสิทธิ์ในการรับเคลมสินค้าทุกกรณี หากพบปัญหาสามารถแจ้งกับแอดมินร้านได้เลยค่ะ ❤️ #ผลิตภัณฑ์คุณภาพจากเครือซีพี #ให้ทุกคำสร้างวันดีดี,https://f.btwcdn.com/store-50970/product-thumb/eb2f6b11-b2b3-5e5f-2d47-687f3efe21a7.jpg,https://shop.cpbrandsite.com/th/product/1229918/product-1229918?page=1&category_id=133840,฿ 465.00,฿ 534.00,12.92
3,InnoWeness Smart Soup อาหารสูตรครบถ้วนพร้อมรับประทาน สูตร ซุปข้าวไรซ์เบอร์รี่ จำนวน 6 ซอง,฿ 465.00 ฿ 534.00,❤️ CP Official Shop ❤️ ‼️อร่อยง่าย ฟินได้ไม่สะดุด ไปกับ CP‼️ ? Innoweness Smart Soup Riceberry อาหารสูตรครบถ้วน ซุปพร้อมทาน มีส่วนผสมจากธรรมชาติ ข้าวไรซ์เบอร์รี่ ธัญพืช อกไก่ ไข่ และน้ำมันรำข้าว ?  อัดแน่นคุณประโยชน์เต็มซอง อุดมไปด้วยวัตถุดิบคุณภาพจากธรรมชาติ ที่คัดสรรมาอย่างดีเพื่อสุขภาพ  ✅ สะดวก แค่ฉีกซองเท ไม่ต้องชงแบบเดิม ๆ ?️ สารอาหารครบถ้วน ตามหลักโภชนาการ ทดแทนมื้ออาหารได้ ?พลังงาน 330 กิโลแคลอรี่ ✅โปรตีน จากอกไก่และไข่ 16 กรัม ✅วิตามินและแร่ธาตุ 21 ชนิด ✅ไม่มีส่วนผสมของนมวัวและนมผง ❤️ CP Official Shop ❤️ ‼️อร่อยง่าย ฟินได้ไม่สะดุด ไปกับ CP‼️,https://f.btwcdn.com/store-50970/product-thumb/75cd4229-7693-df8c-ed4e-687f3d21fa6f.jpg,https://shop.cpbrandsite.com/th/product/1229916/product-1229916?page=1&category_id=133840,฿ 465.00,฿ 534.00,12.92
4,InnoWeness Smart Soup อาหารสูตรครบถ้วนพร้อมรับประทาน สูตร LOW GI จำนวน 6 ซอง,฿ 465.00 ฿ 594.00,❤️ CP Official Shop ❤️ ‼️อร่อยง่าย ฟินได้ไม่สะดุด ไปกับ CP‼️ ? Innoweness Smart Soup Low GI อาหารสูตรครบถ้วน สำหรับผู้ป่วยเบาหวาน มีส่วนผสมจากธรรมชาติ อกไก่ ฟักทอง ไข่ และน้ำมันรำข้าว ✅ สะดวก แค่ฉีกซองเท ไม่ต้องชงแบบเดิม ๆ ?️ สารอาหารครบถ้วน ตามหลักโภชนาการ ✅พลังงาน 310 กิโลแคลอรี่ ✅โปรตีน จากอกไก่และไข่ 14 กรัม ✅วิตามินและแร่ธาตุ 20 ชนิด ✅ไม่มีส่วนผสมของนมวัวและนมผง ---------------------------------------- ❤️ สินค้าควรจัดเก็บในอุณหภูมิตามที่ระบุไว้บนฉลาก เพื่อรสชาติที่ดีและคงคุณภาพของอาหาร ❤️ สั่งซื้อภายในวันจันทร์ - ศุกร์ ก่อน 17.00น. จัดส่งสินค้าภายใน 1-3 วันทำการ สั่งซื้อวันศุกร์หลัง 17.00 จะได้รับสินค้า ภายใน2-4วันทำการ ❤️ บริการจัดส่งทั่วทุกพื้นที่ในประเทศไทย ❤️ ลูกค้าสามารถกดสั่งซื้อสินค้าได้ทุกวัน จัดส่งสินค้าภายใน 3 วัน ❤️ หลังจากได้รับสินค้าแล้วกรุณาตรวจเช็คสินค้า และถ่ายคลิปขณะเปิดกล่องสินค้า เพื่อป้องกันกรณีสินค้ามีปัญหา มิฉะนั้นทางเราจะขอสงวนสิทธิ์ในการรับเคลมสินค้าทุกกรณี หากพบปัญหาสามารถแจ้งกับแอดมินร้านได้เลยค่ะ ❤️ #ผลิตภัณฑ์คุณภาพจากเครือซีพี #ให้ทุกคำสร้างวันดีดี,https://f.btwcdn.com/store-50970/product-thumb/ba1b5f4d-1663-522f-8d2c-687f3c44ee0d.jpg,https://shop.cpbrandsite.com/th/product/1229912/product-1229912?page=1&category_id=133840,฿ 465.00,฿ 594.00,21.72
5,ข้าวกะเพราไก่ CP ขนาด 295 กรัม [แช่แข็ง],฿ 85.00,❤️ CP Official Shop ❤️   ‼️อร่อยง่าย ฟินได้ไม่สะดุด ไปกับ CP‼️       ข้าวกะเพราไก่ CP   กะเพราไก่จานเด็ดแสนอร่อย ทำจากเนื้อไก่ที่ได้รับการคัดสรรอย่างดี รสชาติจัดจ้าน เสริ์ฟพร้อมข้าวสวยหอมมะลิ 100% แสนนุ่ม   --------------------------------------------------------------------------------------------------------------   ส่วนประกอบ   ข้าวหอมมะลิ 62.5 %   เนื้อไก่ 18.0 %   เครื่องปรุงรส 11.9 %   พริก 3.8 %   กระเทียม 2.1 %   ใบกะเพรา 1.7 %       ?สินค้าควรจัดเก็บในอุณหภูมิตามที่ระบุไว้บนฉลาก เพื่อรสชาติที่ดีและคงคุณภาพของอาหาร       ?สั่งซื้อภายในวันจันทร์ - ศุกร์ ก่อน 17.00น. จัดส่งสินค้าภายใน 1-3 วันทำการ   สั่งซื้อวันศุกร์หลัง 17.00 จะได้รับสินค้า ภายใน2-4วันทำการ       ?บริการจัดส่งทั่วทุกพื้นที่ในประเทศไทย       ?ลูกค้าสามารถกดสั่งซื้อสินค้าได้ทุกวัน จัดส่งสินค้าภายใน 3 วัน       ? หลังจากได้รับสินค้าแล้วกรุณาตรวจเช็คสินค้า และถ่ายคลิปขณะเปิดกล่องสินค้า เพื่อป้องกันกรณีสินค้ามีปัญหา มิฉะนั้นทางเราจะขอสงวนสิทธิ์ในการรับเคลมสินค้าทุกกรณี หากพบปัญหาสามารถแจ้งกับแอดมินร้านได้เลยค่ะ ?       #ผลิตภัณฑ์คุณภาพจากเครือซีพี   #ให้ทุกคำสร้างวันดีดี,https://f.btwcdn.com/store-50970/product-thumb/83eeea6b-36ed-be2d-c18e-6710c09c7936.jpg,https://shop.cpbrandsite.com/th/product/1139868/product-1139868?page=1&category_id=133840,,฿ 85.00,0.0
6,ข้าวไก่เทอริยากิ CP ขนาด 320 กรัม [แช่แข็ง],฿ 85.00,❤️ CP Official Shop ❤️ ‼️อร่อยง่าย ฟินได้ไม่สะดุด ไปกับ CP‼️   ข้าวไก่เทอริยากิ CP ข้าวสวยนุ่มโรยงาดำ เสริฟพร้อมไก่คุณภาพดีจากซีพี ราดด้วยซอสเทอริยากิสไตล์ญี่ปุ่น ได้รสชาติญี่ปุ่นแท้เหมือนรับประทานในร้านอาหารญี่ปุ่น -------------------------------------------------------------------------------------------------------------- ส่วนประกอบ ข้าวหอมมะลิ 62.5 % ไก่ 17.2 % ซอสเทอริยากิ ผสม งาดำ 12.5 % ผักกวางตุ้ง 4.7 % แครอท 3.1 %   ?สินค้าควรจัดเก็บในอุณหภูมิตามที่ระบุไว้บนฉลาก เพื่อรสชาติที่ดีและคงคุณภาพของอาหาร   ?สั่งซื้อภายในวันจันทร์ - ศุกร์ ก่อน 17.00น. จัดส่งสินค้าภายใน 1-3 วันทำการ สั่งซื้อวันศุกร์หลัง 17.00 จะได้รับสินค้า ภายใน2-4วันทำการ   ?บริการจัดส่งทั่วทุกพื้นที่ในประเทศไทย   ?ลูกค้าสามารถกดสั่งซื้อสินค้าได้ทุกวัน จัดส่งสินค้าภายใน 3 วัน   ? หลังจากได้รับสินค้าแล้วกรุณาตรวจเช็คสินค้า และถ่ายคลิปขณะเปิดกล่องสินค้า เพื่อป้องกันกรณีสินค้ามีปัญหา มิฉะนั้นทางเราจะขอสงวนสิทธิ์ในการรับเคลมสินค้าทุกกรณี หากพบปัญหาสามารถแจ้งกับแอดมินร้านได้เลยค่ะ ?   #ผลิตภัณฑ์คุณภาพจากเครือซีพี #ให้ทุกคำสร้างวันดีดี,https://f.btwcdn.com/store-50970/product-thumb/e6233376-b60f-43d5-9780-6710bf5d9ed0.jpg,https://shop.cpbrandsite.com/th/product/1139867/product-1139867?page=1&category_id=133840,,฿ 85.00,0.0
7,ข้าวหน้าเนื้อสไตล์ญี่ปุ่น CP ขนาด 230 กรัม [แช่แข็ง],฿ 85.00,❤️ CP Official Shop ❤️ ‼️อร่อยง่าย ฟินได้ไม่สะดุด ไปกับ CP‼️   *สินค้าแช่แข็งไม่สามารถสั่งรวมกับสินค้าแช่เย็น*   ข้าวหน้าเนื้อสไตล์ญี่ปุ่น CP 230g ข้าวหน้าเนื้อสไตล์ญี่ปุ่น เนื้อน่องคัดพิเศษเหนี่ยวนุ่มพร้อมไขมันแทรก ซอสผัดสไตล์ญีปุ่นหอมหวานกลมกล่อม -------------------------------------------------------------------------------------------------------------- ส่วนประกอบ ข้าวหอมมะลิหุงสุก 65% เนื้อวัวสไลด์ 16% ซอสผัดสไตล์ญี่ปุ่น 12% ผัก (หอมหัวใหญ่; ต้นหอม) 6% เครื่องปรุงรส 1%   ?สินค้าควรเก็บที่อุณหภูมิแช่แข็ง -18”C หรือต่ำกว่า กรุณาอย่านำไปแช่แข็งอีกครั้งเมื่อสินค้าละลาย   ?สั่งซื้อภายในวันจันทร์ - ศุกร์ ก่อน 17.00น. จัดส่งสินค้าภายใน 1-3 วันทำการ สั่งซื้อวันศุกร์หลัง 17.00 จะได้รับสินค้า ภายใน2-4วันทำการ   ?บริการจัดส่งทั่วทุกพื้นที่ในประเทศไทย   ?ลูกค้าสามารถกดสั่งซื้อสินค้าได้ทุกวัน จัดส่งสินค้าภายใน 3 วัน   ? หลังจากได้รับสินค้าแล้วกรุณาตรวจเช็คสินค้า และถ่ายคลิปขณะเปิดกล่องสินค้า เพื่อป้องกันกรณีสินค้ามีปัญหา มิฉะนั้นทางเราจะขอสงวนสิทธิ์ในการรับเคลมสินค้าทุกกรณี หากพบปัญหาสามารถแจ้งกับแอดมินร้านได้เลยค่ะ ?   #ผลิตภัณฑ์คุณภาพจากเครือซีพี #ให้ทุกคำสร้างวันดีดี,https://f.btwcdn.com/store-50970/product-thumb/c461425f-67bd-0c3f-9e24-6710bd02cbe3.jpg,https://shop.cpbrandsite.com/th/product/1139864/product-1139864?page=1&category_id=133840,,฿ 85.00,0.0
8,สปาเก็ตตี้ไก่สับและไส้กรอก CP ขนาด 250 กรัม [แช่แข็ง],฿ 85.00,❤️ CP Official Shop ❤️ ‼️อร่อยง่าย ฟินได้ไม่สะดุด ไปกับ CP‼️   ซีพี สปาเก็ตตี้ไก่สับ 250 กรัม เส้นเหนียวนุ่ม คลุกเคล้าเนยหอมกรุ่น ราดซอสไก่สับและเห็ดแชมปิญอง หอมกรุ่นออริการ์โน รสชาติเข้มข้น กลมกล่อม ต้นตำหรับอิตาเลี่ยนแท้ -------------------------------------------------------------------------------------------------------------- ?สินค้าควรเก็บในอุณหภูมิต่ำกว่า -18 ถึง – 23 องศา   ?สั่งซื้อภายในวันจันทร์ - ศุกร์ ก่อน 17.00น. จัดส่งสินค้าภายใน 1-3 วันทำการ สั่งซื้อวันศุกร์หลัง 17.00 จะได้รับสินค้า ภายใน2-4วันทำการ   ?บริการจัดส่งทั่วทุกพื้นที่ในประเทศไทย   ?ลูกค้าสามารถกดสั่งซื้อสินค้าได้ทุกวัน จัดส่งสินค้าภายใน 3 วัน   ? หลังจากได้รับสินค้าแล้วกรุณาตรวจเช็คสินค้า และถ่ายคลิปขณะเปิดกล่องสินค้า เพื่อป้องกันกรณีสินค้ามีปัญหา มิฉะนั้นทางเราจะขอสงวนสิทธิ์ในการรับเคลมสินค้าทุกกรณี หากพบปัญหาสามารถแจ้งกับแอดมินร้านได้เลยค่ะ ?   #ผลิตภัณฑ์คุณภาพจากเครือซีพี #ให้ทุกคำสร้างวันดีดี,https://f.btwcdn.com/store-50970/product-thumb/208b2484-66f1-2b4e-15aa-6710bc48b58e.jpg,https://shop.cpbrandsite.com/th/product/1139863/product-1139863?page=1&category_id=133840,,฿ 85.00,0.0
9,สปาเก็ตตี้ไก่ครีมซอสเห็ด CP ขนาด 220 กรัม [แช่แข็ง],฿ 85.00,❤️ CP Official Shop ❤️ ‼️อร่อยง่าย ฟินได้ไม่สะดุด ไปกับ CP‼️   CP สปาเก็ตตี้ไก่ครีมซอสเห็ด 220 กรัม สปาเกตตี้ไก่ เส้นเหนียวนุ่ม อร่อยครีมซอสเห็ด เข้มข้น -------------------------------------------------------------------------------------------------------------- ?สินค้าควรเก็บที่อุณหภูมิแช่แข็ง - 18 C หรือต่ำกว่า กรุณาอย่านำไปแช่แข็งอีกครั้งเมื่อสินค้าละลายแล้ว   ?สั่งซื้อภายในวันจันทร์ - ศุกร์ ก่อน 17.00น. จัดส่งสินค้าภายใน 1-3 วันทำการ สั่งซื้อวันศุกร์หลัง 17.00 จะได้รับสินค้า ภายใน2-4วันทำการ   ?บริการจัดส่งทั่วทุกพื้นที่ในประเทศไทย   ?ลูกค้าสามารถกดสั่งซื้อสินค้าได้ทุกวัน จัดส่งสินค้าภายใน 3 วัน   ? หลังจากได้รับสินค้าแล้วกรุณาตรวจเช็คสินค้า และถ่ายคลิปขณะเปิดกล่องสินค้า เพื่อป้องกันกรณีสินค้ามีปัญหา มิฉะนั้นทางเราจะขอสงวนสิทธิ์ในการรับเคลมสินค้าทุกกรณี หากพบปัญหาสามารถแจ้งกับแอดมินร้านได้เลยค่ะ ?   #ผลิตภัณฑ์คุณภาพจากเครือซีพี #ให้ทุกคำสร้างวันดีดี,https://f.btwcdn.com/store-50970/product-thumb/955263b0-8a61-eb95-f50c-6710bcc092b4.jpg,https://shop.cpbrandsite.com/th/product/1139861/product-1139861?page=1&category_id=133840,,฿ 85.00,0.0
10,สปาเก็ตตี้คาโบนาร่า CP ขนาด 220 กรัม [แช่แข็ง],฿ 85.00,❤️ CP Official Shop ❤️ ‼️อร่อยง่าย ฟินได้ไม่สะดุด ไปกับ CP‼️   สปาเก็ตตี้คาโบนาร่า 220 กรัม เส้นเหนียวนุ่ม คลุกเคล้าเเครื่องเทศน์หอมกรุ่น ราดซอสคาโบนาร่า รสชาติเข้มข้น กลมกล่อม ต้นตำหรับอิตาเลี่ยนแท้ -------------------------------------------------------------------------------------------------------------- ?สินค้าควรเก็บในอุณหภูมิต่ำกว่า -18 ถึง – 23 องศา   ?สั่งซื้อภายในวันจันทร์ - ศุกร์ ก่อน 17.00น. จัดส่งสินค้าภายใน 1-3 วันทำการ สั่งซื้อวันศุกร์หลัง 17.00 จะได้รับสินค้า ภายใน2-4วันทำการ   ?บริการจัดส่งทั่วทุกพื้นที่ในประเทศไทย   ?ลูกค้าสามารถกดสั่งซื้อสินค้าได้ทุกวัน จัดส่งสินค้าภายใน 3 วัน   ? หลังจากได้รับสินค้าแล้วกรุณาตรวจเช็คสินค้า และถ่ายคลิปขณะเปิดกล่องสินค้า เพื่อป้องกันกรณีสินค้ามีปัญหา มิฉะนั้นทางเราจะขอสงวนสิทธิ์ในการรับเคลมสินค้าทุกกรณี หากพบปัญหาสามารถแจ้งกับแอดมินร้านได้เลยค่ะ ?   #ผลิตภัณฑ์คุณภาพจากเครือซีพี #ให้ทุกคำสร้างวันดีดี,https://f.btwcdn.com/store-50970/product-thumb/8fcb58bd-f78c-b6d9-630d-6710b537b273.jpg,https://shop.cpbrandsite.com/th/product/1139859/product-1139859?page=1&category_id=133840,,฿ 85.00,0.0
11,ขาหมูและหมูสามชั้นคูโรบูตะในน้ำพะโล้ CP ขนาด 530 กรัม [แช่แข็ง],฿ 160.00,❤️ CP Official Shop ❤️   ‼️อร่อยง่าย ฟินได้ไม่สะดุด ไปกับ CP‼️   ขาหมูและหมูสามชั้นคูโรบูตะในน้ำพะโล้ CP ขนาด 530 กรัม เนื้อหมูคุณภาพ ส่วนสันนอก จากซ๊พีคูโรบูตะ พร้อมทานเพียงอุ่นร้อนคัดสรรขาหมูคูโรบูตะคุณภาพดี เนื่อนุ่ม มาต้มในน้ำพะโล้สูตรพิเศษ เพิ่มความกลมกล่อมเมื่อทานคู่กับน้ำจิ้มพะโล้จากของซีพี --------------------------------------------------------------------------------------------------------------   ?สินค้าควรจัดเก็บในอุณหภูมิตามที่ระบุไว้บนฉลาก เพื่อรสชาติที่ดีและคงคุณภาพของอาหาร   ?สั่งซื้อภายในวันจันทร์ - ศุกร์ ก่อน 17.00น. จัดส่งสินค้าภายใน 1-3 วันทำการ   สั่งซื้อวันศุกร์หลัง 17.00 จะได้รับสินค้า ภายใน2-4วันทำการ   ?บริการจัดส่งทั่วทุกพื้นที่ในประเทศไทย   ?ลูกค้าสามารถกดสั่งซื้อสินค้าได้ทุกวัน จัดส่งสินค้าภายใน 3 วัน     ? หลังจากได้รับสินค้าแล้วกรุณาตรวจเช็คสินค้า และถ่ายคลิปขณะเปิดกล่องสินค้า เพื่อป้องกันกรณีสินค้ามีปัญหา มิฉะนั้นทางเราจะขอสงวนสิทธิ์ในการรับเคลมสินค้าทุกกรณี หากพบปัญหาสามารถแจ้งกับแอดมินร้านได้เลยค่ะ ?   #ผลิตภัณฑ์คุณภาพจากเครือซีพี   #ให้ทุกคำสร้างวันดีดี,https://f.btwcdn.com/store-50970/product-thumb/c92b66de-aca8-da01-d78f-6710b3651bd0.jpg,https://shop.cpbrandsite.com/th/product/1139858/product-1139858?page=1&category_id=133840,,฿ 160.00,0.0
12,ขาหมูเยอรมัน CP KUROBUTA ขนาด 700 กรัม [แช่แข็ง],฿ 319.00,❤️ CP Official Shop ❤️ ‼️อร่อยง่าย ฟินได้ไม่สะดุด ไปกับ CP‼️   ขาหมูเยอรมันซีพี-คูโรบูตะ พร้อมปรุง กรอบนอก นุ่มใน ใช้เวลาทอดเพียง 20 นาที   ควรเก็บในอุณหภูมิต่ำกว่า -18 ถึง -23 องศา -------------------------------------------------------------------------------------------------------------- ?สินค้าควรจัดเก็บในอุณหภูมิตามที่ระบุไว้บนฉลาก เพื่อรสชาติที่ดีและคงคุณภาพของอาหาร   ?สั่งซื้อภายในวันจันทร์ - ศุกร์ ก่อน 17.00น. จัดส่งสินค้าภายใน 1-3 วันทำการ สั่งซื้อวันศุกร์หลัง 17.00 จะได้รับสินค้า ภายใน2-4วันทำการ   ?บริการจัดส่งทั่วทุกพื้นที่ในประเทศไทย   ?ฟรีค่าจัดส่ง เมื่อสั่งสินค้าครบ 599 บาท (กรณียอดซื้อไม่ครบ มีค่าจัดส่งเหมาจ่าย 120 บาท)   ?ลูกค้าสามารถกดสั่งซื้อสินค้าได้ทุกวัน จัดส่งสินค้าภายใน 3 วัน   ? หลังจากได้รับสินค้าแล้วกรุณาตรวจเช็คสินค้า และถ่ายคลิปขณะเปิดกล่องสินค้า เพื่อป้องกันกรณีสินค้ามีปัญหา มิฉะนั้นทางเราจะขอสงวนสิทธิ์ในการรับเคลมสินค้าทุกกรณี หากพบปัญหาสามารถแจ้งกับแอดมินร้านได้เลยค่ะ ?   #ผลิตภัณฑ์คุณภาพจากเครือซีพี #ให้ทุกคำสร้างวันดีดี,https://f.btwcdn.com/store-50970/product-thumb/99c3e0c7-f9bf-d50e-4e13-6710b2f6b3fd.jpg,https://shop.cpbrandsite.com/th/product/1139856/product-1139856?page=1&category_id=133840,,฿ 319.00,0.0
13,หมูกรอบชาชูขึ้นรูปพร้อมปรุง CP-KUROBUTA ขนาด 400 กรัม [แช่แข็ง],฿ 279.00,❤️ CP Official Shop ❤️ ‼️อร่อยง่าย ฟินได้ไม่สะดุด ไปกับ CP‼️   หมูกรอบชาชูขึ้นรูปพร้อมปรุง(ซีพีคูโรบูตะ) 400g.   หมูกรอบชาชูคุณภาพจาก ซีพี-คูโรบูตะ อร่อยพรีเมียมได้ง่ายๆที่บ้านแค่ฉีกซอง   ส่วนผสม เนื้อหมูดำ ซีพี-คูโรบูตะบดหยาบ 66%; แผ่นหนังหมูดำ ซีพี-คูโรบูตะ 22%; เครื่องปรุงรส 11%; น้ำมันถั่วเหลือง 1%   วิธีการทำอาหาร 1 นำสินค้ามาละลายที่อุณหภูมิห้อง นานประมาณ 1 ชั่วโมง หรือจนกว่าน้ำแข็งละลายหมด 2 บั้งหรือกรีดด้านหนังก่อนปรุงสุ เพื่อคงความชุ่มฉ่ำในเนื้อ 3 ปรุงสุก ดังนี้ ทอดในน้ำมันท่วม อุณหภูมิประมาณ 180-190 องศา เป็นเวลา 15-25 นาทีจนสุก หม้อทอดไร้น้ำมัน อบที่อุณหภูมิ 200 องศา เป็นเวลา 20-25 นาทีจนสุก เตาอบ อบที่อุณหภูมิ 200 องศา เป็นเวลา 20-25 นาทีจนสุก 4 หั่นเป็นชิ้นตามรูปร่างที่ต้องการ 5 รับประทานได้ทันที หรือนำไปรังสรรค์เมนูอาหารอื่นๆ เช่น คะน้าหมูกรอบชาชู ราเมนหมูกรอบชาชู ข้าวหน้าหมูกรอบชาชูสไลด์ญี่ปุ่น   วิธีการจัดเก็บ/Storage Instructions- เก็บที่อุณหภูมิแช่แข็ง -18 Cº หรือต่ำกว่า กรุณาอย่านำไปแช่แข็งอีกครั้งเมื่อสินค้าละลาย   --------------------------------------------------------------------------------------------------------------   ?สินค้าควรจัดเก็บในอุณหภูมิตามที่ระบุไว้บนฉลาก เพื่อรสชาติที่ดีและคงคุณภาพของอาหาร   ?สั่งซื้อภายในวันจันทร์ - ศุกร์ ก่อน 17.00น. จัดส่งสินค้าภายใน 1-3 วันทำการ สั่งซื้อวันศุกร์หลัง 17.00 จะได้รับสินค้า ภายใน2-4วันทำการ   ?บริการจัดส่งทั่วทุกพื้นที่ในประเทศไทย   ?ลูกค้าสามารถกดสั่งซื้อสินค้าได้ทุกวัน จัดส่งสินค้าภายใน 3 วัน   ? หลังจากได้รับสินค้าแล้วกรุณาตรวจเช็คสินค้า และถ่ายคลิปขณะเปิดกล่องสินค้า เพื่อป้องกันกรณีสินค้ามีปัญหา มิฉะนั้นทางเราจะขอสงวนสิทธิ์ในการรับเคลมสินค้าทุกกรณี หากพบปัญหาสามารถแจ้งกับแอดมินร้านได้เลยค่ะ ?   #ผลิตภัณฑ์คุณภาพจากเครือซีพี #ให้ทุกคำสร้างวันดีดี,https://f.btwcdn.com/store-50970/product-thumb/3ae405f8-d85b-6a09-bfee-6710b144ef9f.jpg,https://shop.cpbrandsite.com/th/product/1139854/product-1139854?page=1&category_id=133840,,฿ 279.00,0.0
14,สันคอหมูดำสเต๊กหมักพริกไทยดำ CP-KUROBUTA ขนาด 200 กรัม [แช่แข็ง],฿ 129.00,❤️ CP Official Shop ❤️ ‼️อร่อยง่าย ฟินได้ไม่สะดุด ไปกับ CP‼️   หมูดำ ซีพี- คูโรบูตะ ผลิตจากหมูดำสายพันธุ์พิเศษอันเลื่องชื่อ มีคุณภาพและรสชาติระดับพรีเมียม โดดเด่นกว่าด้วยความนุ่ม และชุ่มฉ่ำที่สัมผัสได้ ซีพี-คูโรบูตะ สันคอหมูดำสเต๊กหมักพริกไทยดำ ตัดแต่งชิ้นส่วนคุณภาพ หมักด้วยซอสพริกไทยดำ เผ็ด อร่อย เข้าเนื้อ สามารถรับประทานพร้อมข้าวหรือสลัดได้   ควรเก็บในอุณหภูมิต่ำกว่า -18 ถึง -23 องศา -------------------------------------------------------------------------------------------------------------- ?สินค้าควรจัดเก็บในอุณหภูมิตามที่ระบุไว้บนฉลาก เพื่อรสชาติที่ดีและคงคุณภาพของอาหาร   ?สั่งซื้อภายในวันจันทร์ - ศุกร์ ก่อน 17.00น. จัดส่งสินค้าภายใน 1-3 วันทำการ สั่งซื้อวันศุกร์หลัง 17.00 จะได้รับสินค้า ภายใน2-4วันทำการ   ?บริการจัดส่งทั่วทุกพื้นที่ในประเทศไทย   ?ลูกค้าสามารถกดสั่งซื้อสินค้าได้ทุกวัน จัดส่งสินค้าภายใน 3 วัน   ? หลังจากได้รับสินค้าแล้วกรุณาตรวจเช็คสินค้า และถ่ายคลิปขณะเปิดกล่องสินค้า เพื่อป้องกันกรณีสินค้ามีปัญหา มิฉะนั้นทางเราจะขอสงวนสิทธิ์ในการรับเคลมสินค้าทุกกรณี หากพบปัญหาสามารถแจ้งกับแอดมินร้านได้เลยค่ะ ?   #ผลิตภัณฑ์คุณภาพจากเครือซีพี #ให้ทุกคำสร้างวันดีดี,https://f.btwcdn.com/store-50970/product-thumb/a66b109e-914b-df63-99fd-6710afe3f002.jpg,https://shop.cpbrandsite.com/th/product/1139850/product-1139850?page=1&category_id=133840,,฿ 129.00,0.0
15,สะโพกหมูดำสเต๊กหมักพริกไทยดำ CP-KUROBUTA ขนาด 200 กรัม [แช่แข็ง],฿ 109.00,❤️ CP Official Shop ❤️ ‼️อร่อยง่าย ฟินได้ไม่สะดุด ไปกับ CP‼️   หมูดำ ซีพี-คูโรบูตะ สะโพกหมูดำสเต๊กหมักพริกไทยดำ 200g ผลิตจากหมูดำสายพันธุ์พิเศษอันเลื่องชื่อ มีคุณภาพและรสชาติระดับพรีเมียม โดดเด่นกว่าด้วยความนุ่ม และชุ่มฉ่ำที่สัมผัสได้ ซีพี-คูโรบูตะ สะโพกหมูดำสเต๊กหมักพริกไทยดำ ตัดแต่งชิ้นส่วนคุณภาพ หมักด้วยซอสพริกไทยดำ เผ็ด อร่อย เข้าเนื้อ สามารถรับประทานพร้อมข้าวหรือสลัดได้   ควรเก็บในอุณหภูมิต่ำกว่า -18 ถึง -23 องศา -------------------------------------------------------------------------------------------------------------- ?สินค้าควรจัดเก็บในอุณหภูมิตามที่ระบุไว้บนฉลาก เพื่อรสชาติที่ดีและคงคุณภาพของอาหาร   ?สั่งซื้อภายในวันจันทร์ - ศุกร์ ก่อน 17.00น. จัดส่งสินค้าภายใน 1-3 วันทำการ สั่งซื้อวันศุกร์หลัง 17.00 จะได้รับสินค้า ภายใน2-4วันทำการ   ?บริการจัดส่งทั่วทุกพื้นที่ในประเทศไทย   ?ลูกค้าสามารถกดสั่งซื้อสินค้าได้ทุกวัน จัดส่งสินค้าภายใน 3 วัน   ? หลังจากได้รับสินค้าแล้วกรุณาตรวจเช็คสินค้า และถ่ายคลิปขณะเปิดกล่องสินค้า เพื่อป้องกันกรณีสินค้ามีปัญหา มิฉะนั้นทางเราจะขอสงวนสิทธิ์ในการรับเคลมสินค้าทุกกรณี หากพบปัญหาสามารถแจ้งกับแอดมินร้านได้เลยค่ะ ?   #ผลิตภัณฑ์คุณภาพจากเครือซีพี #ให้ทุกคำสร้างวันดีดี,https://f.btwcdn.com/store-50970/product-thumb/36858464-f2ce-24cb-1dcb-6710afbf20a7.jpg,https://shop.cpbrandsite.com/th/product/1139849/product-1139849?page=1&category_id=133840,,฿ 109.00,0.0
16,พอร์คช็อพหมูดำหมักพริกไทยดำ CP-KUROBUTA ขนาด 200 กรัม [แช่แข็ง],฿ 129.00,❤️ CP Official Shop ❤️ ‼️อร่อยง่าย ฟินได้ไม่สะดุด ไปกับ CP‼️   หมูดำ ซีพี- คูโรบูตะ ผลิตจากหมูดำสายพันธุ์พิเศษอันเลื่องชื่อ มีคุณภาพและรสชาติระดับพรีเมียม โดดเด่นกว่าด้วยความนุ่ม และชุ่มฉ่ำที่สัมผัสได้ พอร์คช็อพหมูดำหมักพริกไทยดำ ตัดแต่งชิ้นส่วนคุณภาพ หมักด้วยซอสพริกไทยดำ หอมกลิ่นพริกไทยดำ อร่อย เข้าเนื้อ สามารถรับประทานพร้อมข้าวหรือสลัดได้   ควรเก็บในอุณหภูมิต่ำกว่า -18 ถึง -23 องศา -------------------------------------------------------------------------------------------------------------- ?สินค้าควรจัดเก็บในอุณหภูมิตามที่ระบุไว้บนฉลาก เพื่อรสชาติที่ดีและคงคุณภาพของอาหาร   ?สั่งซื้อภายในวันจันทร์ - ศุกร์ ก่อน 17.00น. จัดส่งสินค้าภายใน 1-3 วันทำการ สั่งซื้อวันศุกร์หลัง 17.00 จะได้รับสินค้า ภายใน2-4วันทำการ   ?บริการจัดส่งทั่วทุกพื้นที่ในประเทศไทย   ?ลูกค้าสามารถกดสั่งซื้อสินค้าได้ทุกวัน จัดส่งสินค้าภายใน 3 วัน   ? หลังจากได้รับสินค้าแล้วกรุณาตรวจเช็คสินค้า และถ่ายคลิปขณะเปิดกล่องสินค้า เพื่อป้องกันกรณีสินค้ามีปัญหา มิฉะนั้นทางเราจะขอสงวนสิทธิ์ในการรับเคลมสินค้าทุกกรณี หากพบปัญหาสามารถแจ้งกับแอดมินร้านได้เลยค่ะ ?   #ผลิตภัณฑ์คุณภาพจากเครือซีพี #ให้ทุกคำสร้างวันดีดี,https://f.btwcdn.com/store-50970/product-thumb/a2aff424-c5f1-7910-f106-6710ae9ff2c8.jpg,https://shop.cpbrandsite.com/th/product/1139847/product-1139847?page=1&category_id=133840,,฿ 129.00,0.0
17,CP Thai Tea Custard ซีพี สังขยาชาไทย ขนาด 180 กรัม,฿ 60.00 ฿ 65.00,❤️ CP Official Shop ❤️ ‼️อร่อยง่าย ฟินได้ไม่สะดุด ไปกับ CP‼️ CP Thai Tea Custard ซีพี สังขยาชาไทย ขนาด 180 กรัม เข้มข้น หอมอร่อย ถูกใจคอชา คัดสรรพันธุ์ชาคุณภาพดี  ผสมกับกรรมวิธีที่ตั้งใจ ให้รสชาติออกมา หอม.. หวานมัน.. กลมกล่อม! ---------------------------------------- ❤️ สินค้าควรจัดเก็บในอุณหภูมิตามที่ระบุไว้บนฉลาก เพื่อรสชาติที่ดีและคงคุณภาพของอาหาร ❤️ สั่งซื้อภายในวันจันทร์ - ศุกร์ ก่อน 17.00น. จัดส่งสินค้าภายใน 1-3 วันทำการ สั่งซื้อวันศุกร์หลัง 17.00 จะได้รับสินค้า ภายใน2-4วันทำการ ❤️ บริการจัดส่งทั่วทุกพื้นที่ในประเทศไทย ❤️ ลูกค้าสามารถกดสั่งซื้อสินค้าได้ทุกวัน จัดส่งสินค้าภายใน 3 วัน ❤️ หลังจากได้รับสินค้าแล้วกรุณาตรวจเช็คสินค้า และถ่ายคลิปขณะเปิดกล่องสินค้า เพื่อป้องกันกรณีสินค้ามีปัญหา มิฉะนั้นทางเราจะขอสงวนสิทธิ์ในการรับเคลมสินค้าทุกกรณี หากพบปัญหาสามารถแจ้งกับแอดมินร้านได้เลยค่ะ ❤️ #ผลิตภัณฑ์คุณภาพจากเครือซีพี #ให้ทุกคำสร้างวันดีดี,https://f.btwcdn.com/store-50970/product-thumb/6454e9f7-5a15-cf39-bf24-66ff9621eee7.jpg,https://shop.cpbrandsite.com/th/product/1137719/product-1137719?page=1&category_id=133840,฿ 60.00,฿ 65.00,7.69
18,ซีพี ซอสอบวุ้นเส้น ขนาด 90 กรัม,฿ 145.00,❤️ CP Official Shop ❤️ ‼️อร่อยง่าย ฟินได้ไม่สะดุด ไปกับ CP‼️ ซีพี ซอสอบวุ้นเส้น ขนาด 90 กรัม/ซอง หอมกลิ่นเครื่องเทศ สดใหม่เหมือนโขลกเอง ถึงรสถึงเครื่อง ซอสเข้มข้น ผลิตจากวัตถุดิบธรรมชาติ สะอาด สดใหม่ แค่เติม เนื้อสัตว์ ผัก ---------------------------------------- ❤️ สินค้าควรจัดเก็บในอุณหภูมิตามที่ระบุไว้บนฉลาก เพื่อรสชาติที่ดีและคงคุณภาพของอาหาร ❤️ สั่งซื้อภายในวันจันทร์ - ศุกร์ ก่อน 17.00น. จัดส่งสินค้าภายใน 1-3 วันทำการ สั่งซื้อวันศุกร์หลัง 17.00 จะได้รับสินค้า ภายใน2-4วันทำการ ❤️ บริการจัดส่งทั่วทุกพื้นที่ในประเทศไทย ❤️ ลูกค้าสามารถกดสั่งซื้อสินค้าได้ทุกวัน จัดส่งสินค้าภายใน 3 วัน ❤️ หลังจากได้รับสินค้าแล้วกรุณาตรวจเช็คสินค้า และถ่ายคลิปขณะเปิดกล่องสินค้า เพื่อป้องกันกรณีสินค้ามีปัญหา มิฉะนั้นทางเราจะขอสงวนสิทธิ์ในการรับเคลมสินค้าทุกกรณี หากพบปัญหาสามารถแจ้งกับแอดมินร้านได้เลยค่ะ ❤️ #ผลิตภัณฑ์คุณภาพจากเครือซีพี #ให้ทุกคำสร้างวันดีดี,https://f.btwcdn.com/store-50970/product-thumb/3432c111-1f99-09cc-a0f3-66ff8bb3e2c1.jpg,https://shop.cpbrandsite.com/th/product/1137694/product-1137694?page=1&category_id=133840,,฿ 145.00,0.0
19,ซีพี เครื่องแกงแดง ขนาด 100 กรัม,฿ 145.00,❤️ CP Official Shop ❤️ ‼️อร่อยง่าย ฟินได้ไม่สะดุด ไปกับ CP‼️ ซีพี เครื่องแกงแดงปรุงสำเร็จ ขนาด 100 กรัม/ซอง หอมกลิ่นเครื่องแกง สดใหม่เหมือนโขลกเอง รสชาติครบรส หอมน้ำมะขามผลิตจากวัตถุดิบธรรมชาติ สะอาด สดใหม่ แค่เติม เนื้อสัตว์ ผัก ต้มสุก พร้อมทาน ---------------------------------------- ❤️ สินค้าควรจัดเก็บในอุณหภูมิตามที่ระบุไว้บนฉลาก เพื่อรสชาติที่ดีและคงคุณภาพของอาหาร ❤️ สั่งซื้อภายในวันจันทร์ - ศุกร์ ก่อน 17.00น. จัดส่งสินค้าภายใน 1-3 วันทำการ สั่งซื้อวันศุกร์หลัง 17.00 จะได้รับสินค้า ภายใน2-4วันทำการ ❤️ บริการจัดส่งทั่วทุกพื้นที่ในประเทศไทย ❤️ ลูกค้าสามารถกดสั่งซื้อสินค้าได้ทุกวัน จัดส่งสินค้าภายใน 3 วัน ❤️ หลังจากได้รับสินค้าแล้วกรุณาตรวจเช็คสินค้า และถ่ายคลิปขณะเปิดกล่องสินค้า เพื่อป้องกันกรณีสินค้ามีปัญหา มิฉะนั้นทางเราจะขอสงวนสิทธิ์ในการรับเคลมสินค้าทุกกรณี หากพบปัญหาสามารถแจ้งกับแอดมินร้านได้เลยค่ะ ❤️ #ผลิตภัณฑ์คุณภาพจากเครือซีพี #ให้ทุกคำสร้างวันดีดี,https://f.btwcdn.com/store-50970/product-thumb/6f79599b-0364-e0d8-2cc5-66ff8ac82424.jpg,https://shop.cpbrandsite.com/th/product/1137691/product-1137691?page=1&category_id=133840,,฿ 145.00,0.0
20,ซีพี เครื่องแกงเขียวหวาน ขนาด 100 กรัม,฿ 145.00,❤️ CP Official Shop ❤️ ‼️อร่อยง่าย ฟินได้ไม่สะดุด ไปกับ CP‼️ ซีพี เครื่องแกงเขียวหวานปรุงสำเร็จ ขนาด 100 กรัม/ซอง หอมกลิ่นเครื่องแกง สดใหม่เหมือนโขลกเอง ผลิตจากวัตถุดิบธรรมชาติ สะอาด สดใหม่ แค่เติม กระทิ เนื้อสัตว์ ผัก ต้มสุก พร้อมทาน ---------------------------------------- ❤️ สินค้าควรจัดเก็บในอุณหภูมิตามที่ระบุไว้บนฉลาก เพื่อรสชาติที่ดีและคงคุณภาพของอาหาร ❤️ สั่งซื้อภายในวันจันทร์ - ศุกร์ ก่อน 17.00น. จัดส่งสินค้าภายใน 1-3 วันทำการ สั่งซื้อวันศุกร์หลัง 17.00 จะได้รับสินค้า ภายใน2-4วันทำการ ❤️ บริการจัดส่งทั่วทุกพื้นที่ในประเทศไทย ❤️ ลูกค้าสามารถกดสั่งซื้อสินค้าได้ทุกวัน จัดส่งสินค้าภายใน 3 วัน ❤️ หลังจากได้รับสินค้าแล้วกรุณาตรวจเช็คสินค้า และถ่ายคลิปขณะเปิดกล่องสินค้า เพื่อป้องกันกรณีสินค้ามีปัญหา มิฉะนั้นทางเราจะขอสงวนสิทธิ์ในการรับเคลมสินค้าทุกกรณี หากพบปัญหาสามารถแจ้งกับแอดมินร้านได้เลยค่ะ ❤️ #ผลิตภัณฑ์คุณภาพจากเครือซีพี #ให้ทุกคำสร้างวันดีดี,https://f.btwcdn.com/store-50970/product-thumb/a3c17a65-b6bc-7ce6-531b-66ff88a1e7a3.jpg,https://shop.cpbrandsite.com/th/product/1137689/product-1137689?page=1&category_id=133840,,฿ 145.00,0.0
21,ซีพี ซอสผัดพริกขิง ขนาด 90 กรัม,฿ 145.00,❤️ CP Official Shop ❤️ ‼️อร่อยง่าย ฟินได้ไม่สะดุด ไปกับ CP‼️ ซีพี ซอสผัดพริกขิง ขนาด 90 กรัม/ซอง หอมกลิ่นเครื่องแกง สดใหม่เหมือนโขลกเอง ผลิตจากวัตถุดิบธรรมชาติ สะอาด สดใหม่ แค่เติม กระทิ เนื้อสัตว์ ผัก ต้มสุก พร้อมทาน ---------------------------------------- ❤️ สินค้าควรจัดเก็บในอุณหภูมิตามที่ระบุไว้บนฉลาก เพื่อรสชาติที่ดีและคงคุณภาพของอาหาร ❤️ สั่งซื้อภายในวันจันทร์ - ศุกร์ ก่อน 17.00น. จัดส่งสินค้าภายใน 1-3 วันทำการ สั่งซื้อวันศุกร์หลัง 17.00 จะได้รับสินค้า ภายใน2-4วันทำการ ❤️ บริการจัดส่งทั่วทุกพื้นที่ในประเทศไทย ❤️ ลูกค้าสามารถกดสั่งซื้อสินค้าได้ทุกวัน จัดส่งสินค้าภายใน 3 วัน ❤️ หลังจากได้รับสินค้าแล้วกรุณาตรวจเช็คสินค้า และถ่ายคลิปขณะเปิดกล่องสินค้า เพื่อป้องกันกรณีสินค้ามีปัญหา มิฉะนั้นทางเราจะขอสงวนสิทธิ์ในการรับเคลมสินค้าทุกกรณี หากพบปัญหาสามารถแจ้งกับแอดมินร้านได้เลยค่ะ ❤️ #ผลิตภัณฑ์คุณภาพจากเครือซีพี #ให้ทุกคำสร้างวันดีดี,https://f.btwcdn.com/store-50970/product-thumb/737638b8-888d-f18e-7759-66ff87910994.jpg,https://shop.cpbrandsite.com/th/product/1137687/product-1137687?page=1&category_id=133840,,฿ 145.00,0.0
22,ซีพี เครื่องแกงส้ม ขนาด 90 กรัม,฿ 145.00,❤️ CP Official Shop ❤️ ‼️อร่อยง่าย ฟินได้ไม่สะดุด ไปกับ CP‼️ ซีพี เครื่องแกงส้ม ขนาด 90 กรัม/ซอง ซอสเข้มข้นเข้าเนือ รสชาติครบรส ผลิตจากวัตถุดิบธรรมชาติ สะอาด สดใหม่ แค่เติม เนื้อสัตว์ ผัก พร้อมทาน ---------------------------------------- ❤️ สินค้าควรจัดเก็บในอุณหภูมิตามที่ระบุไว้บนฉลาก เพื่อรสชาติที่ดีและคงคุณภาพของอาหาร ❤️ สั่งซื้อภายในวันจันทร์ - ศุกร์ ก่อน 17.00น. จัดส่งสินค้าภายใน 1-3 วันทำการ สั่งซื้อวันศุกร์หลัง 17.00 จะได้รับสินค้า ภายใน2-4วันทำการ ❤️ บริการจัดส่งทั่วทุกพื้นที่ในประเทศไทย ❤️ ลูกค้าสามารถกดสั่งซื้อสินค้าได้ทุกวัน จัดส่งสินค้าภายใน 3 วัน ❤️ หลังจากได้รับสินค้าแล้วกรุณาตรวจเช็คสินค้า และถ่ายคลิปขณะเปิดกล่องสินค้า เพื่อป้องกันกรณีสินค้ามีปัญหา มิฉะนั้นทางเราจะขอสงวนสิทธิ์ในการรับเคลมสินค้าทุกกรณี หากพบปัญหาสามารถแจ้งกับแอดมินร้านได้เลยค่ะ ❤️ #ผลิตภัณฑ์คุณภาพจากเครือซีพี #ให้ทุกคำสร้างวันดีดี,https://f.btwcdn.com/store-50970/product-thumb/a37a2595-c7f5-8848-78b7-66ff86367eb2.jpg,https://shop.cpbrandsite.com/th/product/1137684/product-1137684?page=1&category_id=133840,,฿ 145.00,0.0
23,ซีพี ซอสผัดผงกะหรี่ ขนาด 100 กรัม,฿ 145.00,❤️ CP Official Shop ❤️ ‼️อร่อยง่าย ฟินได้ไม่สะดุด ไปกับ CP‼️ ซีพี ซอสผัดผงกะหรี่ ขนาด 100 กรัม/ซอง หอมกลิ่นเครื่องแกง สดใหม่เหมือนโขลกเอง ผลิตจากวัตถุดิบธรรมชาติ สะอาด สดใหม่ แค่เติม กระทิ เนื้อสัตว์ ผัก ต้มสุก พร้อมทาน ---------------------------------------- ❤️ สินค้าควรจัดเก็บในอุณหภูมิตามที่ระบุไว้บนฉลาก เพื่อรสชาติที่ดีและคงคุณภาพของอาหาร ❤️ สั่งซื้อภายในวันจันทร์ - ศุกร์ ก่อน 17.00น. จัดส่งสินค้าภายใน 1-3 วันทำการ สั่งซื้อวันศุกร์หลัง 17.00 จะได้รับสินค้า ภายใน2-4วันทำการ ❤️ บริการจัดส่งทั่วทุกพื้นที่ในประเทศไทย ❤️ ลูกค้าสามารถกดสั่งซื้อสินค้าได้ทุกวัน จัดส่งสินค้าภายใน 3 วัน ❤️ หลังจากได้รับสินค้าแล้วกรุณาตรวจเช็คสินค้า และถ่ายคลิปขณะเปิดกล่องสินค้า เพื่อป้องกันกรณีสินค้ามีปัญหา มิฉะนั้นทางเราจะขอสงวนสิทธิ์ในการรับเคลมสินค้าทุกกรณี หากพบปัญหาสามารถแจ้งกับแอดมินร้านได้เลยค่ะ ❤️ #ผลิตภัณฑ์คุณภาพจากเครือซีพี #ให้ทุกคำสร้างวันดีดี,https://f.btwcdn.com/store-50970/product-thumb/214878de-a1e1-35de-6ee3-66ff84bba443.jpg,https://shop.cpbrandsite.com/th/product/1137682/product-1137682?page=1&category_id=133840,,฿ 145.00,0.0
24,ซีพี เครื่องแกงมัสมั่น ขนาด 80 กรัม,฿ 145.00,❤️ CP Official Shop ❤️ ‼️อร่อยง่าย ฟินได้ไม่สะดุด ไปกับ CP‼️ ซีพี เครื่องแกงมัสมั่น ขนาด 80 กรัม/ซอง หอมกลิ่นเครื่องแกง สดใหม่เหมือนโขลกเอง รสชาติครบรส หอมนัวผงกะหรี่ ผลิตจากวัตถุดิบธรรมชาติ สะอาด สดใหม่ แค่เติม เนื้อสัตว์ ผัก ต้มสุก พร้อมทาน ---------------------------------------- ❤️ สินค้าควรจัดเก็บในอุณหภูมิตามที่ระบุไว้บนฉลาก เพื่อรสชาติที่ดีและคงคุณภาพของอาหาร ❤️ สั่งซื้อภายในวันจันทร์ - ศุกร์ ก่อน 17.00น. จัดส่งสินค้าภายใน 1-3 วันทำการ สั่งซื้อวันศุกร์หลัง 17.00 จะได้รับสินค้า ภายใน2-4วันทำการ ❤️ บริการจัดส่งทั่วทุกพื้นที่ในประเทศไทย ❤️ ลูกค้าสามารถกดสั่งซื้อสินค้าได้ทุกวัน จัดส่งสินค้าภายใน 3 วัน ❤️ หลังจากได้รับสินค้าแล้วกรุณาตรวจเช็คสินค้า และถ่ายคลิปขณะเปิดกล่องสินค้า เพื่อป้องกันกรณีสินค้ามีปัญหา มิฉะนั้นทางเราจะขอสงวนสิทธิ์ในการรับเคลมสินค้าทุกกรณี หากพบปัญหาสามารถแจ้งกับแอดมินร้านได้เลยค่ะ ❤️ #ผลิตภัณฑ์คุณภาพจากเครือซีพี #ให้ทุกคำสร้างวันดีดี,https://f.btwcdn.com/store-50970/product-thumb/c84bad61-7a5c-7f19-c89c-66ff82be2a61.jpg,https://shop.cpbrandsite.com/th/product/1137678/product-1137678?page=1&category_id=133840,,฿ 145.00,0.0
25,ซีพี เครื่องแกง พะแนง ขนาด 100 กรัม,฿ 145.00,❤️ CP Official Shop ❤️ ‼️อร่อยง่าย ฟินได้ไม่สะดุด ไปกับ CP‼️ ซีพี เครื่องแกง พะแนง ขนาด 100 กรัม/ซอง หอมกลิ่นเครื่องแกง สดใหม่เหมือนโขลกเอง ผลิตจากวัตถุดิบธรรมชาติ สะอาด สดใหม่ แค่เติม กระทิ เนื้อสัตว์ ผัก ต้มสุก พร้อมทาน ---------------------------------------- ❤️ สินค้าควรจัดเก็บในอุณหภูมิตามที่ระบุไว้บนฉลาก เพื่อรสชาติที่ดีและคงคุณภาพของอาหาร ❤️ สั่งซื้อภายในวันจันทร์ - ศุกร์ ก่อน 17.00น. จัดส่งสินค้าภายใน 1-3 วันทำการ สั่งซื้อวันศุกร์หลัง 17.00 จะได้รับสินค้า ภายใน2-4วันทำการ ❤️ บริการจัดส่งทั่วทุกพื้นที่ในประเทศไทย ❤️ ลูกค้าสามารถกดสั่งซื้อสินค้าได้ทุกวัน จัดส่งสินค้าภายใน 3 วัน ❤️ หลังจากได้รับสินค้าแล้วกรุณาตรวจเช็คสินค้า และถ่ายคลิปขณะเปิดกล่องสินค้า เพื่อป้องกันกรณีสินค้ามีปัญหา มิฉะนั้นทางเราจะขอสงวนสิทธิ์ในการรับเคลมสินค้าทุกกรณี หากพบปัญหาสามารถแจ้งกับแอดมินร้านได้เลยค่ะ ❤️ #ผลิตภัณฑ์คุณภาพจากเครือซีพี #ให้ทุกคำสร้างวันดีดี,https://f.btwcdn.com/store-50970/product-thumb/83a6eabb-7614-ecf4-a63d-66ff805d737b.jpg,https://shop.cpbrandsite.com/th/product/1137675/product-1137675?page=1&category_id=133840,,฿ 145.00,0.0
26,BiFio Probiotic Plus+ (บิฟิโอ โปรไบโอติกพลัส) ผลิตภัณฑ์เสริมอาหาร,฿ 700.00 ฿ 900.00,"❤️ CP Official Shop ❤️ ‼️อร่อยง่าย ฟินได้ไม่สะดุด ไปกับ CP‼️ BiFio Probiotic Plus+ (บิฟิโอ โปรไบโอติกพลัส) ผลิตภัณฑ์เสริมอาหาร 5 สายพันธุ์ โพรไบโอติก ประกอบด้วย บิฟิโดแบคทีเรียม และแล็กโทบาซิลลัส   เหมาะสำหรับ/คุณสมบัติ - ช่วยปรับภูมิคุ้มกันและระบบขับถ่าย - ใช้สายพันธุ์ที่เหมาะสมกับคนเอเชีย - ใช้สายพันธุ์ที่ได้รับมาตรฐานจากญี่ปุ่น - มี Prebiotic ส่งเสริมการทำงานให้ Probiotic   ส่วนประกอบ : ไซโล-โอลิโกแซ็กคาไรด์ 1;000 มิลลิกรัม บิฟิโดแบคทีเรียม ลองกัม 37.50 มิลลิกรัม บิฟิโดแบคทีเรียม อินฟานทิส 25 มิลลิกรัม บิฟิโดแบคทีเรียม เบรเว 20 มิลลิกรัม แล็กโทบาซิลลัส แอซิโดฟิลัส 10 มิลลิกรัม แล็กโทบาซิลลัส แก็สเซอรี 6.25 มิลลิกรัม รีซิสแทนท์ มอลโทเดกซ์ทริน 1;000 มิลลิกรัม สารป้องกันการจับตัวเป็นก้อน (INS551) สารควบคุมความเป็นกรด (INS296) วัตถุที่ให้ความหวานแทนน้ำตาล (ซูคราโลส) แต่งกลิ่นสังเคราะห์   ข้อมูลสำหรับผู้แพ้อาหาร : มีผลิตภัณฑ์จากนม   วิธีการรับประทาน 1. รับประทานวันละ 1 ซอง ฉีกซองผสมกับน้ำเย็นหรือฉีกซองเทเข้าปากแล้วดื่มน้ำตาม (ไม่ควรรับประทานพร้อมน้ำร้อน)""""   วิธีการเก็บรักษา เก็บไว้ในที่แห้ง ห่างจากแสงแดด อุณหภูมิไม่เกิน 25 องศาเซลเซียส   คำเตือน - เด็กและสตรีมีครรภ์ไม่ควรรับประทาน - ควรกินอาหารหลากหลายครบ 5 หมู่ในสัดส่วนที่เหมาะสมเป็นประจำ - เพื่อป้องกันภาวะอุดตนของลำไส้ที่เกิดจากการบริโภคผลิตภัณฑ์ใยอาหารชนิดแห้ง ควรรับประทานพร้อมน้ำ 1-2 แก้ว - ใน 1 ซอง มีใยอาหารที่ละลายน้ำได้ทั้งหมด 700 มิลลิกรัม - ไม่มีผลในการป้องกันหรือรักษาโรค ---------------------------------------- ❤️ สินค้าควรจัดเก็บในอุณหภูมิตามที่ระบุไว้บนฉลาก เพื่อรสชาติที่ดีและคงคุณภาพของอาหาร ❤️ สั่งซื้อภายในวันจันทร์ - ศุกร์ ก่อน 17.00น. จัดส่งสินค้าภายใน 1-3 วันทำการ สั่งซื้อวันศุกร์หลัง 17.00 จะได้รับสินค้า ภายใน2-4วันทำการ ❤️ บริการจัดส่งทั่วทุกพื้นที่ในประเทศไทย ❤️ ลูกค้าสามารถกดสั่งซื้อสินค้าได้ทุกวัน จัดส่งสินค้าภายใน 3 วัน ❤️ หลังจากได้รับสินค้าแล้วกรุณาตรวจเช็คสินค้า และถ่ายคลิปขณะเปิดกล่องสินค้า เพื่อป้องกันกรณีสินค้ามีปัญหา มิฉะนั้นทางเราจะขอสงวนสิทธิ์ในการรับเคลมสินค้าทุกกรณี หากพบปัญหาสามารถแจ้งกับแอดมินร้านได้เลยค่ะ ❤️ #ผลิตภัณฑ์คุณภาพจากเครือซีพี #ให้ทุกคำสร้างวันดีดี",https://f.btwcdn.com/store-50970/product-thumb/5fde73d2-fd1b-b1b2-7f30-66b302a0f39e.jpg,https://shop.cpbrandsite.com/th/product/1094491/bifio-probiotic-plus?page=1&category_id=133840,฿ 700.00,฿ 900.00,22.22
27,บีเคพี ซอสบาร์บีคิว ขนาด 1;000 กรัม,฿ 110.00 ฿ 149.00,❤️ CP Official Shop ❤️ ‼️อร่อยง่าย ฟินได้ไม่สะดุด ไปกับ CP‼️ ซอสบาร์บีคิว ตรา บีเคพี ขนาด 1;000 กรัม หอมกลิ่น รมควัน จาก ไม้ฮิเคอรี่   การจัดเก็บ : อุณหภูมิปกติ จัดเก็บในที่แห้ง พ้นแสง ---------------------------------------- ❤️ สินค้าควรจัดเก็บในอุณหภูมิตามที่ระบุไว้บนฉลาก เพื่อรสชาติที่ดีและคงคุณภาพของอาหาร ❤️ สั่งซื้อภายในวันจันทร์ - ศุกร์ ก่อน 17.00น. จัดส่งสินค้าภายใน 1-3 วันทำการ สั่งซื้อวันศุกร์หลัง 17.00 จะได้รับสินค้า ภายใน2-4วันทำการ ❤️ บริการจัดส่งทั่วทุกพื้นที่ในประเทศไทย ❤️ ลูกค้าสามารถกดสั่งซื้อสินค้าได้ทุกวัน จัดส่งสินค้าภายใน 3 วัน ❤️ หลังจากได้รับสินค้าแล้วกรุณาตรวจเช็คสินค้า และถ่ายคลิปขณะเปิดกล่องสินค้า เพื่อป้องกันกรณีสินค้ามีปัญหา มิฉะนั้นทางเราจะขอสงวนสิทธิ์ในการรับเคลมสินค้าทุกกรณี หากพบปัญหาสามารถแจ้งกับแอดมินร้านได้เลยค่ะ ❤️ #ผลิตภัณฑ์คุณภาพจากเครือซีพี #ให้ทุกคำสร้างวันดีดี,https://f.btwcdn.com/store-50970/product-thumb/636408bb-994c-48e8-d830-65d86a237a04.jpg,https://shop.cpbrandsite.com/th/product/1074797/product-1074797?page=1&category_id=133840,฿ 110.00,฿ 149.00,26.17
28,CP ซีพี น้ำจิ้มซีฟู้ด หอมมะนาวแท้ พริก กระเทียม พร้อมทาน 180 กรัม,฿ 48.00 ฿ 55.00,❤️ CP Official Shop ❤️ ‼️อร่อยง่าย ฟินได้ไม่สะดุด ไปกับ CP‼️ ซีพี น้ำจิ้มซีฟู้ดส์ 180 กรัม เผ็ดจี๊ด แซ่บถึงใจ   - รสชาติเข้มข้น หอมมะนาว พริก กระเทียม - คัดสรรวัตถุดิบคุณภาพดี - สะดวก พร้อมทาน ไม่ต้องปรุงรสเพิ่ม พร้อมใช้ - ผลิตภายใต้เครื่องจักรทันสมัยตามมาตรฐานของ CP   การจัดเก็บ : อุณหภูมิห้องปกติ จัดเก็บในที่แห้ง พ้นแสง ข้อมูลสำหรับผู้แพ้อาหาร : มีปลา     #เครื่องปรุงรส #น้ำจิ้ม ---------------------------------------- ❤️ สินค้าควรจัดเก็บในอุณหภูมิตามที่ระบุไว้บนฉลาก เพื่อรสชาติที่ดีและคงคุณภาพของอาหาร ❤️ สั่งซื้อภายในวันจันทร์ - ศุกร์ ก่อน 17.00น. จัดส่งสินค้าภายใน 1-3 วันทำการ สั่งซื้อวันศุกร์หลัง 17.00 จะได้รับสินค้า ภายใน2-4วันทำการ ❤️ บริการจัดส่งทั่วทุกพื้นที่ในประเทศไทย ❤️ ลูกค้าสามารถกดสั่งซื้อสินค้าได้ทุกวัน จัดส่งสินค้าภายใน 3 วัน ❤️ หลังจากได้รับสินค้าแล้วกรุณาตรวจเช็คสินค้า และถ่ายคลิปขณะเปิดกล่องสินค้า เพื่อป้องกันกรณีสินค้ามีปัญหา มิฉะนั้นทางเราจะขอสงวนสิทธิ์ในการรับเคลมสินค้าทุกกรณี หากพบปัญหาสามารถแจ้งกับแอดมินร้านได้เลยค่ะ ❤️ #ผลิตภัณฑ์คุณภาพจากเครือซีพี #ให้ทุกคำสร้างวันดีดี,https://f.btwcdn.com/store-50970/product-thumb/908a2fb0-730e-5952-3803-65d85d6b8d98.jpg,https://shop.cpbrandsite.com/th/product/1074779/product-1074779?page=1&category_id=133840,฿ 48.00,฿ 55.00,12.73
29,CP ซีพี น้ำจิ้มแจ่วอีสาน 180 กรัม,฿ 48.00 ฿ 55.00,❤️ CP Official Shop ❤️ ‼️อร่อยง่าย ฟินได้ไม่สะดุด ไปกับ CP‼️ ซีพี น้ำจิ้มแจ่วอีสาน 180 กรัม เผ็ดแซ่บ จิ้มกับอะไรก็นัว   - รสชาติจัดจ้านเผ็ดร้อนแบบสไตล์อีสานแท้ๆ - หอมกลิ่นมะขามเปียกและพริกป่นไทย - สะดวก พร้อมทาน ไม่ต้องปรุงรสเพิ่ม พร้อมใช้ - ผลิตภายใต้เครื่องจักรทันสมัยตามมาตรฐานของCP   อายุสินค้า : อายุ 8 เดือน การจัดเก็บ : อุณหภูมิปกติ จัดเก็บในที่แห้ง พ้นแสง ข้อมูลสำหรับผู้แพ้อาหาร : มีส่วนประกอบของปลา   เลขที่ใบจดแจ้ง : 14-2-01361-6-0331   #เครื่องปรุงรส #น้ำจิ้ม ---------------------------------------- ❤️ สินค้าควรจัดเก็บในอุณหภูมิตามที่ระบุไว้บนฉลาก เพื่อรสชาติที่ดีและคงคุณภาพของอาหาร ❤️ สั่งซื้อภายในวันจันทร์ - ศุกร์ ก่อน 17.00น. จัดส่งสินค้าภายใน 1-3 วันทำการ สั่งซื้อวันศุกร์หลัง 17.00 จะได้รับสินค้า ภายใน2-4วันทำการ ❤️ บริการจัดส่งทั่วทุกพื้นที่ในประเทศไทย ❤️ ลูกค้าสามารถกดสั่งซื้อสินค้าได้ทุกวัน จัดส่งสินค้าภายใน 3 วัน ❤️ หลังจากได้รับสินค้าแล้วกรุณาตรวจเช็คสินค้า และถ่ายคลิปขณะเปิดกล่องสินค้า เพื่อป้องกันกรณีสินค้ามีปัญหา มิฉะนั้นทางเราจะขอสงวนสิทธิ์ในการรับเคลมสินค้าทุกกรณี หากพบปัญหาสามารถแจ้งกับแอดมินร้านได้เลยค่ะ ❤️ #ผลิตภัณฑ์คุณภาพจากเครือซีพี #ให้ทุกคำสร้างวันดีดี,https://f.btwcdn.com/store-50970/product-thumb/41e76ca2-5272-1474-dac6-65d85a2961ad.jpg,https://shop.cpbrandsite.com/th/product/1074765/product-1074765?page=1&category_id=133840,฿ 48.00,฿ 55.00,12.73
30,CP ซีพี น้ำจิ้มสุกี้ชาบูหมูกระทะ 180 กรัม,฿ 55.00,❤️ CP Official Shop ❤️ ‼️อร่อยง่าย ฟินได้ไม่สะดุด ไปกับ CP‼️ ซีพี น้ำจิ้มสุกี้ชาบูหมูกระทะ 180 กรัม   เพื่อนคู่ใจสายปาร์ตี้สไตล์ไหนก็อร่อย เข้มข้น หอมกลิ่นน้ำมันงา สำหรับจิ้ม หรือทานคู่กับอาหารทั่วไป   - No MSG Added - รสชาติเข้มข้น จัดจ้าน - รสชาติปรุงพิเศษให้เหมาะสำหรับทานชาบู และหมูกระทะ - สะดวก พร้อมทาน ไม่ต้องปรุงเพิ่ม - ผลิตภายใต้เครื่องจักรทันสมัยตามมาตรฐาน ของ CP     อายุสินค้า : 12 เดือน การจัดเก็บ : อุณหภูมิปกติ ข้อมูลสำหรับผู้แพ้อาหาร : มีแป้งสาลี และถั่ว   #เครื่องปรุงรส #น้ำจิ้ม ---------------------------------------- ❤️ สินค้าควรจัดเก็บในอุณหภูมิตามที่ระบุไว้บนฉลาก เพื่อรสชาติที่ดีและคงคุณภาพของอาหาร ❤️ สั่งซื้อภายในวันจันทร์ - ศุกร์ ก่อน 17.00น. จัดส่งสินค้าภายใน 1-3 วันทำการ สั่งซื้อวันศุกร์หลัง 17.00 จะได้รับสินค้า ภายใน2-4วันทำการ ❤️ บริการจัดส่งทั่วทุกพื้นที่ในประเทศไทย ❤️ ลูกค้าสามารถกดสั่งซื้อสินค้าได้ทุกวัน จัดส่งสินค้าภายใน 3 วัน ❤️ หลังจากได้รับสินค้าแล้วกรุณาตรวจเช็คสินค้า และถ่ายคลิปขณะเปิดกล่องสินค้า เพื่อป้องกันกรณีสินค้ามีปัญหา มิฉะนั้นทางเราจะขอสงวนสิทธิ์ในการรับเคลมสินค้าทุกกรณี หากพบปัญหาสามารถแจ้งกับแอดมินร้านได้เลยค่ะ ❤️ #ผลิตภัณฑ์คุณภาพจากเครือซีพี #ให้ทุกคำสร้างวันดีดี,https://f.btwcdn.com/store-50970/product-thumb/dbd3096c-a835-554a-c47f-65d856d14120.jpg,https://shop.cpbrandsite.com/th/product/1074763/product-1074763?page=1&category_id=133840,,฿ 55.00,0.0
31,CP ซีพี น้ำสต็อกหมูใสชนิดเข้มข้น น้ำซุปสำเร็จรูป,฿ 50.00 ฿ 55.00,❤️ CP Official Shop ❤️ ‼️อร่อยง่าย ฟินได้ไม่สะดุด ไปกับ CP‼️ ซีพี น้ำสต๊อกหมู ชนิดเข้มข้น 200ML   น้ำซุปเข้มข้น เพราะความอร่อยจากหมูแท้ๆ ที่เคี่ยวนานถึง 6 ชั่วโมง เรื่องครัว เรื่องง่าย อยากให้คุณรู้ !! จะมือสมัครเล่น หรือมือโปร ทำเมนูไหน ก็อร่อยได้แบบเชฟ ง่าย สะดวก ประหยัดเวลาในการเตรียมน้ำซุปที่ต้องใช้เวลาในการเคี่ยวนาน 0% โคลเรสเตอรอล 0% ไขมัน เหมาะสำหรับนำไปเป็นน้ำสต็อกในการปรุงอาหารต่างๆ หรือรับประทานเป็นน้ำซุปใสเพื่อบำรุงร่างกาย   การเก็บรักษา : ที่แห้ง พ้นแสง อุณหภูมิห้องปกติ วันหมดอายุ : ข้างซอง (หากเปิดแล้ว แนะนำควรใช้ให้หมดในครั้งเดียว) ---------------------------------------- ❤️ สินค้าควรจัดเก็บในอุณหภูมิตามที่ระบุไว้บนฉลาก เพื่อรสชาติที่ดีและคงคุณภาพของอาหาร ❤️ สั่งซื้อภายในวันจันทร์ - ศุกร์ ก่อน 17.00น. จัดส่งสินค้าภายใน 1-3 วันทำการ สั่งซื้อวันศุกร์หลัง 17.00 จะได้รับสินค้า ภายใน2-4วันทำการ ❤️ บริการจัดส่งทั่วทุกพื้นที่ในประเทศไทย ❤️ ลูกค้าสามารถกดสั่งซื้อสินค้าได้ทุกวัน จัดส่งสินค้าภายใน 3 วัน ❤️ หลังจากได้รับสินค้าแล้วกรุณาตรวจเช็คสินค้า และถ่ายคลิปขณะเปิดกล่องสินค้า เพื่อป้องกันกรณีสินค้ามีปัญหา มิฉะนั้นทางเราจะขอสงวนสิทธิ์ในการรับเคลมสินค้าทุกกรณี หากพบปัญหาสามารถแจ้งกับแอดมินร้านได้เลยค่ะ ❤️ #ผลิตภัณฑ์คุณภาพจากเครือซีพี #ให้ทุกคำสร้างวันดีดี,https://f.btwcdn.com/store-50970/product-thumb/d1230aa2-1e24-041a-f520-65d8528224be.jpg,https://shop.cpbrandsite.com/th/product/1074755/product-1074755?page=1&category_id=133840,฿ 50.00,฿ 55.00,9.09
32,CP ซีพี ซุปชาบูรสต้มยำน้ำข้นชนิดเข้มข้น ถึงเครื่องต้มยำ,฿ 55.00 ฿ 60.00,❤️ CP Official Shop ❤️ ‼️อร่อยง่าย ฟินได้ไม่สะดุด ไปกับ CP‼️ CP ซุปชาบูรสต้มยำน้ำข้นชนิดเข้มข้น   ถึงเครื่องต้มยำ หอมมัน เข้มข้น เผ็ดพริกขี้หนูสวน หอมเปรี้ยวจากมะนาวแท้   - No MSG Added     - ผลิตจากวัตถุดิบธรรมชาติ     - พร้อมทานไม่ต้องปรุงเพิ่ม เพียงเติมน้ำ 2.5 เท่า เติมเนื้อสัตว์และผัก ก็อร่อยได้ทันที     - เก็บได้นานถึง 12 เดือน ---------------------------------------- ❤️ สินค้าควรจัดเก็บในอุณหภูมิตามที่ระบุไว้บนฉลาก เพื่อรสชาติที่ดีและคงคุณภาพของอาหาร ❤️ สั่งซื้อภายในวันจันทร์ - ศุกร์ ก่อน 17.00น. จัดส่งสินค้าภายใน 1-3 วันทำการ สั่งซื้อวันศุกร์หลัง 17.00 จะได้รับสินค้า ภายใน2-4วันทำการ ❤️ บริการจัดส่งทั่วทุกพื้นที่ในประเทศไทย ❤️ ลูกค้าสามารถกดสั่งซื้อสินค้าได้ทุกวัน จัดส่งสินค้าภายใน 3 วัน ❤️ หลังจากได้รับสินค้าแล้วกรุณาตรวจเช็คสินค้า และถ่ายคลิปขณะเปิดกล่องสินค้า เพื่อป้องกันกรณีสินค้ามีปัญหา มิฉะนั้นทางเราจะขอสงวนสิทธิ์ในการรับเคลมสินค้าทุกกรณี หากพบปัญหาสามารถแจ้งกับแอดมินร้านได้เลยค่ะ ❤️ #ผลิตภัณฑ์คุณภาพจากเครือซีพี #ให้ทุกคำสร้างวันดีดี,https://f.btwcdn.com/store-50970/product-thumb/c3925654-b768-b3c0-0fe9-65d84fa5c97e.jpg,https://shop.cpbrandsite.com/th/product/1074735/product-1074735?page=1&category_id=133840,฿ 55.00,฿ 60.00,8.33
33,CP ซีพี ซุปชาบูทงคตสึ น้ำซุปกระดูกหมูเข้มข้น ต้นตำรับจากญี่ปุ่น,฿ 55.00 ฿ 60.00,❤️ CP Official Shop ❤️ ‼️อร่อยง่าย ฟินได้ไม่สะดุด ไปกับ CP‼️ CP น้ำซุปชาบูทงคตสึ 200ML อร่อย จากต้นตำรับญี่ปุ่น   สินค้า Innovation ใหม่ในตลาด ที่ช่วยให้การทำอาหารเป็นเรื่องง่ายๆ สะดวก ใช้ง่ายไม่ต้องปรุงเพิ่ม ปลอดภัยจากสารปรุงแต่ง รสชาติต้นตำรับ อร่อยเหมือนทานที่ร้าน   ผลิตจากกระบวนการที่สะอาดถูกหลักอนามัย ปรุงรสเล็กน้อยเพื่อเพิ่มความกลมกล่มในขณะต้ม ผ่านกระบวนการที่ได้มาตรฐานจนได้น้ำซุปชาบุน้ำดำที่เข้มข้น สำหรับนำไปปรุงชาบุได้อร่อยมาก   วิธีการเตรียม น้ำซุปชาบู ทงคตสึ ชนิดเข้มข้น 1 ถุงต่อน้ำ 500 กรัม   ส่วนประกอบ น้ำซุปกระดูกหมู 85% วิปปิ้งครีม (ครีมแท้) 7% เครื่องปรุงรส 5% สารสกัดปลาคัตสิโอะ 1% มิริน 2% ใช้วัตถุปรุงแต่งรสอาหาร   ข้อมูลสำหรับผู้แพ้อาหาร : มีถั่วเหลือง นม ปลา ---------------------------------------- ❤️ สินค้าควรจัดเก็บในอุณหภูมิตามที่ระบุไว้บนฉลาก เพื่อรสชาติที่ดีและคงคุณภาพของอาหาร ❤️ สั่งซื้อภายในวันจันทร์ - ศุกร์ ก่อน 17.00น. จัดส่งสินค้าภายใน 1-3 วันทำการ สั่งซื้อวันศุกร์หลัง 17.00 จะได้รับสินค้า ภายใน2-4วันทำการ ❤️ บริการจัดส่งทั่วทุกพื้นที่ในประเทศไทย ❤️ ลูกค้าสามารถกดสั่งซื้อสินค้าได้ทุกวัน จัดส่งสินค้าภายใน 3 วัน ❤️ หลังจากได้รับสินค้าแล้วกรุณาตรวจเช็คสินค้า และถ่ายคลิปขณะเปิดกล่องสินค้า เพื่อป้องกันกรณีสินค้ามีปัญหา มิฉะนั้นทางเราจะขอสงวนสิทธิ์ในการรับเคลมสินค้าทุกกรณี หากพบปัญหาสามารถแจ้งกับแอดมินร้านได้เลยค่ะ ❤️ #ผลิตภัณฑ์คุณภาพจากเครือซีพี #ให้ทุกคำสร้างวันดีดี,https://f.btwcdn.com/store-50970/product-thumb/b514ebec-e9a1-4663-93ea-65d84161ae32.jpg,https://shop.cpbrandsite.com/th/product/1074733/product-1074733?page=1&category_id=133840,฿ 55.00,฿ 60.00,8.33
34,CP ซีพี ซุปชาบูน้ำดำสไตล์ญี่ปุ่นเข้มข้น ต้นตำรับจากญี่ปุ่น,฿ 55.00 ฿ 60.00,❤️ CP Official Shop ❤️ ‼️อร่อยง่าย ฟินได้ไม่สะดุด ไปกับ CP‼️ CP น้ำซุปชาบูน้ำดำ 200ML อร่อย จากต้นตำรับญี่ปุ่น   สินค้า Innovation ใหม่ในตลาด ที่ช่วยให้การทำอาหารเป็นเรื่องง่ายๆ สะดวก ปลอดภัยจากสารปรุงแต่ง รสชาติต้นตำรับ ใช้ง่ายไม่ต้องปรุงเพิ่ม อร่อยเหมือนทานที่ร้าน   ผลิตจากกระบวนการที่สะอาดถูกหลักอนามัย ปรุงรสเล็กน้อยเพื่อเพิ่มความกลมกล่มในขณะต้ม ผ่านกระบวนการที่ได้มาตรฐาน จนได้น้ำซุปชาบุน้ำดำที่เข้มข้น สำหรับนำไปปรุงชาบุได้อร่อยมาก   วิธีการเตรียม น้ำซุปชาชุน้ำดำเข้มข้น 1 ถุงต่อน้ำ 500 กรัม   ส่วนประกอบ สาหร่ายคอมบุ 77% เครื่องปรุงรส 8% ซีอิ๊วญี่ปุ่น 6% สารสกัดปลาคัตสิโอะ 3% มิริน 3% สาเก 3% ใช้วัตถุปรุงแต่งรสอาหาร   ข้อมูลสำหรับผู้แพ้อาหาร : มีถั่วเหลือง นม ปลา แป้งสาลี   วิธีการเก็บรักษา : อุณหภูมิห้อง (25-30 องศา) เมื่อเปิดซองแล้วควรใช้ให้หมดใน 1 ครั้ง ---------------------------------------- ❤️ สินค้าควรจัดเก็บในอุณหภูมิตามที่ระบุไว้บนฉลาก เพื่อรสชาติที่ดีและคงคุณภาพของอาหาร ❤️ สั่งซื้อภายในวันจันทร์ - ศุกร์ ก่อน 17.00น. จัดส่งสินค้าภายใน 1-3 วันทำการ สั่งซื้อวันศุกร์หลัง 17.00 จะได้รับสินค้า ภายใน2-4วันทำการ ❤️ บริการจัดส่งทั่วทุกพื้นที่ในประเทศไทย ❤️ ลูกค้าสามารถกดสั่งซื้อสินค้าได้ทุกวัน จัดส่งสินค้าภายใน 3 วัน ❤️ หลังจากได้รับสินค้าแล้วกรุณาตรวจเช็คสินค้า และถ่ายคลิปขณะเปิดกล่องสินค้า เพื่อป้องกันกรณีสินค้ามีปัญหา มิฉะนั้นทางเราจะขอสงวนสิทธิ์ในการรับเคลมสินค้าทุกกรณี หากพบปัญหาสามารถแจ้งกับแอดมินร้านได้เลยค่ะ ❤️ #ผลิตภัณฑ์คุณภาพจากเครือซีพี #ให้ทุกคำสร้างวันดีดี,https://f.btwcdn.com/store-50970/product-thumb/d7cdb504-be1c-5f70-9034-65d83b442b2a.jpg,https://shop.cpbrandsite.com/th/product/1074707/product-1074707?page=1&category_id=133840,฿ 55.00,฿ 60.00,8.33
35,CP ซีพี ซอสสามเกลอ (รากผักชี กระเทียม พริกไทย) 200 กรัม,฿ 60.00 ฿ 65.00,❤️ CP Official Shop ❤️ ‼️อร่อยง่าย ฟินได้ไม่สะดุด ไปกับ CP‼️ ซีพี ซอสปรุงรสสามเกลอ (รากผักชี กระเทียม พริกไทย) 200 กรัม อร่อย ง่าย ไม่ต้องตำ - No MSG Added - สะดวก สามารถนำไปปรุงอาหารได้ทันที ไม่ว่านำไปหมัก ผัดเนื้อ หรืออบวุ้นเส้น ก็ทำให้อาหารหอมอร่อยยิ่งขึ้น - ปรุงจากรากผักชี กระเทียม พริกไทย นำมาผัดกับน้ำมันถั่วเหลือง ทำให้ได้กลิ่นหอมของเครื่องเทศ - เก็บไว้ปรุงได้นานถึง 12 เดือน   อายุสินค้า : 12 เดือน การจัดเก็บ : อุณหภูมิห้องปกติ จัดเก็บในที่แห้ง พ้นแสง ข้อมูลสำหรับผู้แพ้อาหาร : มีแป้งสาลี และถั่วเหลือง   #เครื่องปรุงรส #สามเกลอ ---------------------------------------- ❤️ สินค้าควรจัดเก็บในอุณหภูมิตามที่ระบุไว้บนฉลาก เพื่อรสชาติที่ดีและคงคุณภาพของอาหาร ❤️ สั่งซื้อภายในวันจันทร์ - ศุกร์ ก่อน 17.00น. จัดส่งสินค้าภายใน 1-3 วันทำการ สั่งซื้อวันศุกร์หลัง 17.00 จะได้รับสินค้า ภายใน2-4วันทำการ ❤️ บริการจัดส่งทั่วทุกพื้นที่ในประเทศไทย ❤️ ลูกค้าสามารถกดสั่งซื้อสินค้าได้ทุกวัน จัดส่งสินค้าภายใน 3 วัน ❤️ หลังจากได้รับสินค้าแล้วกรุณาตรวจเช็คสินค้า และถ่ายคลิปขณะเปิดกล่องสินค้า เพื่อป้องกันกรณีสินค้ามีปัญหา มิฉะนั้นทางเราจะขอสงวนสิทธิ์ในการรับเคลมสินค้าทุกกรณี หากพบปัญหาสามารถแจ้งกับแอดมินร้านได้เลยค่ะ ❤️ #ผลิตภัณฑ์คุณภาพจากเครือซีพี #ให้ทุกคำสร้างวันดีดี,https://f.btwcdn.com/store-50970/product-thumb/9b1928cd-de19-3e8d-fca3-65b869dab00c.jpg,https://shop.cpbrandsite.com/th/product/1070158/product-1070158?page=1&category_id=133840,฿ 60.00,฿ 65.00,7.69
36,InnoWeness NutriMax อาหารสูตรครบถ้วนพร้อมรับประทาน จำนวน 90 ซอง,฿ 6;750.00 ฿ 8;010.00,❤️ CP Official Shop ❤️ ‼️อร่อยง่าย ฟินได้ไม่สะดุด ไปกับ CP‼️ ✨พิเศษโค้ดส่วนลด เฉพาะที่ CP ONLINE SHOP Brand.com  ส่วนลด 50.- เมื่อซื้อครบ 500.- เพียงกรอกโค้ด NTM050 ส่วนลด 400.- เมื่อซื้อครบ 1;500.- เพียงกรอกโค้ด NTM400 ส่วนลด 1;000.- เมื่อซื้อครบ 3;000.- เพียงกรอกโค้ด NTM1000 (ตั้งแต่วันที่ 4 พ.ย. 67 - 30 พ.ย. 67 นี้เท่านั้น)               InnoWeness NutriMax อาหารสูตรครบถ้วนพร้อมรับประทาน   อาหารสูตรครบถ้วน บอกลานมเลี่ยนๆ ได้โปรตีนหลักจากอกไก่และไข่ พร้อมวิตามินและแร่ธาตุรวม 20 ชนิด สามารถทานแทนมื้ออาหารได้ อยู่ในรูปแบบอาหารเหลว ซุป ทานงานเพียงฉีกซอง   เหมาะสำหรับ -ผู้สูงอายุ ผู้สูงวัย -ผู้ป่วยระยะพักฟื้น -ผู้ที่มีภาวะขาดสารอาหาร หรือได้รับปริมาณสารอาหารไม่เพียงพอ -ผู้ป่วยทั้วไปที่ได้รับอาหารทางสายให้อาหาร (ผ่านระบบทางเดินอาหารและสายสวนกระเพาะอาหาร)   ใช้กระบวนการผลิตด้วยกรรมวิธีเดียวกับอาหารทางการแพทย์ ที่ช่วยรักษาคุณค่าทางสารอาหารได้ดี และปลอดภัย สามารถรับประทานได้เลย หรือนำไปครีเอทเป็นเมนูต่างๆเพื่อแก้ปัญหาการเบื่ออาหารของผู้สูงอายุ เป็นเมนูทางเลือกได้เป็นต้น   ส่วนประกอบ : น้ำ 55.63% เนื้ออกไก่ 17.80% กลูโคสไซรัป 11.30% ฟักทอง 5.90% ไข่ 4.50% น้ำมันรำข้าว 2.50% มอลโทเดกซ์ทริน 0.90% เกลือแร่รวม 0.55% วิตามินรวม 0.03% วัตถุเจือปนอาหาร (INS322(II))   ข้อมูลสำหรับผู้แพ้อาหาร : มีไข่และถั่วเหลือง   วิธีการรับประทาน 1. เขย่าถุงอาหารให้เป็นเนื้อเดียวกัน ฉีกซองเทใส่ภาชนะ สามารถรับประทานได้ทันที 2. หากต้องการความอร่อย สามารถอุ่นร้อนโดยการต้มทั้งถุง หรือ เทใส่ภาชนะอุ่นไม่โครเวฟ 3. สำหรับการให้อาหารทางสายให้อาหาร เขย่าถุงอาหารให้เป็นเนื้อเดียวกัน ฉีกซองเทใส่ภาชนะสำหรับให้อาหารทางสายให้อาหาร ---------------------------------------- ❤️ สินค้าควรจัดเก็บในอุณหภูมิตามที่ระบุไว้บนฉลาก เพื่อรสชาติที่ดีและคงคุณภาพของอาหาร ❤️ สั่งซื้อภายในวันจันทร์ - ศุกร์ ก่อน 17.00น. จัดส่งสินค้าภายใน 1-3 วันทำการ สั่งซื้อวันศุกร์หลัง 17.00 จะได้รับสินค้า ภายใน2-4วันทำการ ❤️ บริการจัดส่งทั่วทุกพื้นที่ในประเทศไทย ❤️ ลูกค้าสามารถกดสั่งซื้อสินค้าได้ทุกวัน จัดส่งสินค้าภายใน 3 วัน ❤️ หลังจากได้รับสินค้าแล้วกรุณาตรวจเช็คสินค้า และถ่ายคลิปขณะเปิดกล่องสินค้า เพื่อป้องกันกรณีสินค้ามีปัญหา มิฉะนั้นทางเราจะขอสงวนสิทธิ์ในการรับเคลมสินค้าทุกกรณี หากพบปัญหาสามารถแจ้งกับแอดมินร้านได้เลยค่ะ ❤️ #ผลิตภัณฑ์คุณภาพจากเครือซีพี #ให้ทุกคำสร้างวันดีดี,https://f.btwcdn.com/store-50970/product-thumb/401fbba9-ed57-74f8-8189-673d6fc3cccf.jpg,https://shop.cpbrandsite.com/th/product/1053824/product-1053824?page=1&category_id=133840,"฿ 6,750.00","฿ 8,010.00",15.73
37,CP Pandan Custard สังขยาใบเตย สูตรดั้งเดิม,฿ 60.00 ฿ 65.00,❤️ CP Official Shop ❤️ ‼️อร่อยง่าย ฟินได้ไม่สะดุด ไปกับ CP‼️ CP Pandan Custard สังขยาใบเตย สูตรดั้งเดิม   สังขยาใบเตย สูตรดั้งเดิม เข้มข้น หอมมัน   วิธีการรับประทาน - เทใส่ภาชนะหรือตักแบ่งใช้สำหรับจิ้ม ทา - เพื่อความอร่อยยิ่งขึ้น ควรนำไปอุ่นร้อนด้วยไมโครเวฟที่ 800 วัตต์ 30 วินาที เลขที่ใบจดแจ้ง 14-2-01361-5-0026   วิธีการเก็บรักษา เก็บรักษาที่อุณหภูมิห้อง (25-30C) เมื่อเปิดแล้ว สามารถเก็บแช่เย็นได้ไม่เกิน 7 วัน ---------------------------------------- ❤️ สินค้าควรจัดเก็บในอุณหภูมิตามที่ระบุไว้บนฉลาก เพื่อรสชาติที่ดีและคงคุณภาพของอาหาร ❤️ สั่งซื้อภายในวันจันทร์ - ศุกร์ ก่อน 17.00น. จัดส่งสินค้าภายใน 1-3 วันทำการ สั่งซื้อวันศุกร์หลัง 17.00 จะได้รับสินค้า ภายใน2-4วันทำการ ❤️ บริการจัดส่งทั่วทุกพื้นที่ในประเทศไทย ❤️ ลูกค้าสามารถกดสั่งซื้อสินค้าได้ทุกวัน จัดส่งสินค้าภายใน 3 วัน ❤️ หลังจากได้รับสินค้าแล้วกรุณาตรวจเช็คสินค้า และถ่ายคลิปขณะเปิดกล่องสินค้า เพื่อป้องกันกรณีสินค้ามีปัญหา มิฉะนั้นทางเราจะขอสงวนสิทธิ์ในการรับเคลมสินค้าทุกกรณี หากพบปัญหาสามารถแจ้งกับแอดมินร้านได้เลยค่ะ ❤️ #ผลิตภัณฑ์คุณภาพจากเครือซีพี #ให้ทุกคำสร้างวันดีดี,https://f.btwcdn.com/store-50970/product-thumb/22a8702d-dcb1-97b2-4b7b-65d827fe3dec.jpg,https://shop.cpbrandsite.com/th/product/1051036/product-1051036?page=1&category_id=133840,฿ 60.00,฿ 65.00,7.69
38,Innoweness IMU ไอ เอ็ม ยู เครื่องดื่มเห็ดหิมะ จำนวน 6 ขวด,฿ 270.00 ฿ 330.00,❤️ CP Official Shop ❤️ ‼️อร่อยง่าย ฟินได้ไม่สะดุด ไปกับ CP‼️ IMU เครื่องดื่มเห็ดหิมะ เสริมสร้างภูมิคุ้มกัน ด้วยคุณค่าสารอาหารจากธรรมชาติ   เห็ดหิมะ เป็นที่ยอมรับและใช้เป็นโภชนเภสัชในประเทศจีนมากว่า 2;000 ปี เพื่อประโยชน์ในด้านเสริมภูมิคุ้มกันร่างกายให้แข็งแรง บำรุงผิวพรรณให้อ่อนเยาว์ ตามที่มีบันทึกทางประวัติศาสตร์กล่าวว่ามเหสีของจักรพรรดิ (ปี 719-756) ซึ่งถือว่าเป็นผู้หญิงที่สวยที่สุดในประวัติศาสตร์จีน ใช้เห็ดหิมะ เพื่อบำรุงร่างกายและผิวพรรณ   การศึกษาทางการแพทย์ ได้พิสูจน์แล้วว่าเห็ดหิมะ อุดมไปด้วยสารอาหารหลายตัว เช่น เบต้ากลูแคน โพลีแซคคาไรด์ ไฟเบอร์ ไฮยาลูโรนิค และ กรออะมิโนจำเป็น เมื่อนำเห็ดหิมะมาสกัด สกัดด้วยน้ำร้อนอย่างถูกวิธี จะเกิดเมือกเห็ด หรือ การปล่อยสารอาหาร(เบต้า กลูแตน) ตามธรรมชาติออกมาเป็นอาหารแบบซุปเปอร์ฟูดส์แบบเข้มข้น ยิ่งเพิ่มคุณประโยชย์มากขึ้น   ขอแนะนำ INNO WENESS IMU นวัตกรรมสารอาหารธรรมชาติ เพื่อวิถีสุขภาพดีแบบยั่งยืน โดยการใส่ BETA GLUCAN จากเมือกเห็ดธรรมชาติ 100% มากถึง 3;800 mg รสชาติดี เนื้อสัมผัสนุ่ม ข้นหนืด ทานง่ายได้ประโยชน์มากมาย   คุณสมบัติ - เครื่องดื่ม IMU เป็นเครื่องดื่มเพื่อเสริมสร้างการทำงานของระบบภูมิคุ้มกัน - ด้วยพลังจากธรรมชาติ BETA GLUCAN 3;800 mg จากเมือกเห็ด - ผลิตจากสารสกัดธรรมชาติ 100% - ไม่เป็นอันตรายกับร่างกาย - ทานง่าย อร่อย ทานได้ทั้งเด็กและผู้ใหญ่   ข้อแนะนำ - เก็บในที่แห้งและไม่เปียกชื้น - ไม่ควรวางไว้ในที่ที่มีแสงแดดส่องถึง - ควรรับประทานอาหารให้ครบ 5 หมู่ ควบคู่ไปกับการดื่มเครื่องดื่มเสริมสร้างภูมิต้านทาน คำเตือน - ผู้ที่มีโรคประจำตัวหรือรับประทานยาเพื่อรักษาโรค ควรปรึกษาแพทย์ก่อนใช้ - ไม่มีผลในการป้องกันหรือรักษาโรค - อ่านคำเตือนในฉลากก่อนบริโภค     #เครื่องดื่มเพื่อสุขภาพ #เสริมอาหาร #วิตามินรวม #ภูมิแพ้ ---------------------------------------- ❤️ สินค้าควรจัดเก็บในอุณหภูมิตามที่ระบุไว้บนฉลาก เพื่อรสชาติที่ดีและคงคุณภาพของอาหาร ❤️ สั่งซื้อภายในวันจันทร์ - ศุกร์ ก่อน 17.00น. จัดส่งสินค้าภายใน 1-3 วันทำการ สั่งซื้อวันศุกร์หลัง 17.00 จะได้รับสินค้า ภายใน2-4วันทำการ ❤️ บริการจัดส่งทั่วทุกพื้นที่ในประเทศไทย ❤️ ลูกค้าสามารถกดสั่งซื้อสินค้าได้ทุกวัน จัดส่งสินค้าภายใน 3 วัน ❤️ หลังจากได้รับสินค้าแล้วกรุณาตรวจเช็คสินค้า และถ่ายคลิปขณะเปิดกล่องสินค้า เพื่อป้องกันกรณีสินค้ามีปัญหา มิฉะนั้นทางเราจะขอสงวนสิทธิ์ในการรับเคลมสินค้าทุกกรณี หากพบปัญหาสามารถแจ้งกับแอดมินร้านได้เลยค่ะ ❤️ #ผลิตภัณฑ์คุณภาพจากเครือซีพี #ให้ทุกคำสร้างวันดีดี,https://f.btwcdn.com/store-50970/product-thumb/61d82a18-6045-2fda-e5e8-6760e34c49d4.jpg,https://shop.cpbrandsite.com/th/product/1049138/IMU?page=2&category_id=133840,฿ 270.00,฿ 330.00,18.18
39,Innoweness IMU ไอ เอ็ม ยู เครื่องดื่มเห็ดหิมะ จำนวน 6 ขวด,฿ 270.00 ฿ 330.00,❤️ CP Official Shop ❤️ ‼️อร่อยง่าย ฟินได้ไม่สะดุด ไปกับ CP‼️ IMU เครื่องดื่มเห็ดหิมะ เสริมสร้างภูมิคุ้มกัน ด้วยคุณค่าสารอาหารจากธรรมชาติ   เห็ดหิมะ เป็นที่ยอมรับและใช้เป็นโภชนเภสัชในประเทศจีนมากว่า 2;000 ปี เพื่อประโยชน์ในด้านเสริมภูมิคุ้มกันร่างกายให้แข็งแรง บำรุงผิวพรรณให้อ่อนเยาว์ ตามที่มีบันทึกทางประวัติศาสตร์กล่าวว่ามเหสีของจักรพรรดิ (ปี 719-756) ซึ่งถือว่าเป็นผู้หญิงที่สวยที่สุดในประวัติศาสตร์จีน ใช้เห็ดหิมะ เพื่อบำรุงร่างกายและผิวพรรณ   การศึกษาทางการแพทย์ ได้พิสูจน์แล้วว่าเห็ดหิมะ อุดมไปด้วยสารอาหารหลายตัว เช่น เบต้ากลูแคน โพลีแซคคาไรด์ ไฟเบอร์ ไฮยาลูโรนิค และ กรออะมิโนจำเป็น เมื่อนำเห็ดหิมะมาสกัด สกัดด้วยน้ำร้อนอย่างถูกวิธี จะเกิดเมือกเห็ด หรือ การปล่อยสารอาหาร(เบต้า กลูแตน) ตามธรรมชาติออกมาเป็นอาหารแบบซุปเปอร์ฟูดส์แบบเข้มข้น ยิ่งเพิ่มคุณประโยชย์มากขึ้น   ขอแนะนำ INNO WENESS IMU นวัตกรรมสารอาหารธรรมชาติ เพื่อวิถีสุขภาพดีแบบยั่งยืน โดยการใส่ BETA GLUCAN จากเมือกเห็ดธรรมชาติ 100% มากถึง 3;800 mg รสชาติดี เนื้อสัมผัสนุ่ม ข้นหนืด ทานง่ายได้ประโยชน์มากมาย   คุณสมบัติ - เครื่องดื่ม IMU เป็นเครื่องดื่มเพื่อเสริมสร้างการทำงานของระบบภูมิคุ้มกัน - ด้วยพลังจากธรรมชาติ BETA GLUCAN 3;800 mg จากเมือกเห็ด - ผลิตจากสารสกัดธรรมชาติ 100% - ไม่เป็นอันตรายกับร่างกาย - ทานง่าย อร่อย ทานได้ทั้งเด็กและผู้ใหญ่   ข้อแนะนำ - เก็บในที่แห้งและไม่เปียกชื้น - ไม่ควรวางไว้ในที่ที่มีแสงแดดส่องถึง - ควรรับประทานอาหารให้ครบ 5 หมู่ ควบคู่ไปกับการดื่มเครื่องดื่มเสริมสร้างภูมิต้านทาน คำเตือน - ผู้ที่มีโรคประจำตัวหรือรับประทานยาเพื่อรักษาโรค ควรปรึกษาแพทย์ก่อนใช้ - ไม่มีผลในการป้องกันหรือรักษาโรค - อ่านคำเตือนในฉลากก่อนบริโภค     #เครื่องดื่มเพื่อสุขภาพ #เสริมอาหาร #วิตามินรวม #ภูมิแพ้ ---------------------------------------- ❤️ สินค้าควรจัดเก็บในอุณหภูมิตามที่ระบุไว้บนฉลาก เพื่อรสชาติที่ดีและคงคุณภาพของอาหาร ❤️ สั่งซื้อภายในวันจันทร์ - ศุกร์ ก่อน 17.00น. จัดส่งสินค้าภายใน 1-3 วันทำการ สั่งซื้อวันศุกร์หลัง 17.00 จะได้รับสินค้า ภายใน2-4วันทำการ ❤️ บริการจัดส่งทั่วทุกพื้นที่ในประเทศไทย ❤️ ลูกค้าสามารถกดสั่งซื้อสินค้าได้ทุกวัน จัดส่งสินค้าภายใน 3 วัน ❤️ หลังจากได้รับสินค้าแล้วกรุณาตรวจเช็คสินค้า และถ่ายคลิปขณะเปิดกล่องสินค้า เพื่อป้องกันกรณีสินค้ามีปัญหา มิฉะนั้นทางเราจะขอสงวนสิทธิ์ในการรับเคลมสินค้าทุกกรณี หากพบปัญหาสามารถแจ้งกับแอดมินร้านได้เลยค่ะ ❤️ #ผลิตภัณฑ์คุณภาพจากเครือซีพี #ให้ทุกคำสร้างวันดีดี,https://f.btwcdn.com/store-50970/product-thumb/61d82a18-6045-2fda-e5e8-6760e34c49d4.jpg,https://shop.cpbrandsite.com/th/product/1049138/IMU?page=2&category_id=133840,฿ 270.00,฿ 330.00,18.18
40,InnoWeness NutriMax อาหารสูตรครบถ้วนพร้อมรับประทาน จำนวน 6 ซอง,฿ 450.00 ฿ 534.00,❤️ CP Official Shop ❤️ ‼️อร่อยง่าย ฟินได้ไม่สะดุด ไปกับ CP‼️ ✨พิเศษโค้ดส่วนลด เฉพาะที่ CP ONLINE SHOP Brand.com  ส่วนลด 50.- เมื่อซื้อครบ 500.- เพียงกรอกโค้ด NTM050 ส่วนลด 400.- เมื่อซื้อครบ 1;500.- เพียงกรอกโค้ด NTM400 ส่วนลด 1;000.- เมื่อซื้อครบ 3;000.- เพียงกรอกโค้ด NTM1000 (ตั้งแต่วันที่ 4 พ.ย. 67 - 30 พ.ย. 67 นี้เท่านั้น)               InnoWeness NutriMax อาหารสูตรครบถ้วนพร้อมรับประทาน (ตรา อินโน วี-เนส นูทริแม็กซ์) อาหารสูตรครบถ้วน บอกลานมเลี่ยนๆ ได้โปรตีนหลักจากอกไก่และไข่ พร้อมวิตามินและแร่ธาตุรวม 20 ชนิด สามารถทานแทนมื้ออาหารได้ อยู่ในรูปแบบอาหารเหลว ซุป ทานงานเพียงฉีกซอง   เหมาะสำหรับ -ผู้สูงอายุ ผู้สูงวัย -ผู้ป่วยระยะพักฟื้น -ผู้ที่มีภาวะขาดสารอาหาร หรือได้รับปริมาณสารอาหารไม่เพียงพอ -ผู้ป่วยทั้วไปที่ได้รับอาหารทางสายให้อาหาร (ผ่านระบบทางเดินอาหารและสายสวนกระเพาะอาหาร)   ใช้กระบวนการผลิตด้วยกรรมวิธีเดียวกับอาหารทางการแพทย์ ที่ช่วยรักษาคุณค่าทางสารอาหารได้ดี และปลอดภัย สามารถรับประทานได้เลย หรือนำไปครีเอทเป็นเมนูต่างๆเพื่อแก้ปัญหาการเบื่ออาหารของผู้สูงอายุ เป็นเมนูทางเลือกได้เป็นต้น   ส่วนประกอบ : น้ำ 55.63% เนื้ออกไก่ 17.80% กลูโคสไซรัป 11.30% ฟักทอง 5.90% ไข่ 4.50% น้ำมันรำข้าว 2.50% มอลโทเดกซ์ทริน 0.90% เกลือแร่รวม 0.55% วิตามินรวม 0.03% วัตถุเจือปนอาหาร (INS322(II))   ข้อมูลสำหรับผู้แพ้อาหาร : มีไข่และถั่วเหลือง   วิธีการรับประทาน 1. เขย่าถุงอาหารให้เป็นเนื้อเดียวกัน ฉีกซองเทใส่ภาชนะ สามารถรับประทานได้ทันที 2. หากต้องการความอร่อย สามารถอุ่นร้อนโดยการต้มทั้งถุง หรือ เทใส่ภาชนะอุ่นไม่โครเวฟ 3. สำหรับการให้อาหารทางสายให้อาหาร เขย่าถุงอาหารให้เป็นเนื้อเดียวกัน ฉีกซองเทใส่ภาชนะสำหรับให้อาหารทางสายให้อาหาร ---------------------------------------- ❤️ สินค้าควรจัดเก็บในอุณหภูมิตามที่ระบุไว้บนฉลาก เพื่อรสชาติที่ดีและคงคุณภาพของอาหาร ❤️ สั่งซื้อภายในวันจันทร์ - ศุกร์ ก่อน 17.00น. จัดส่งสินค้าภายใน 1-3 วันทำการ สั่งซื้อวันศุกร์หลัง 17.00 จะได้รับสินค้า ภายใน2-4วันทำการ ❤️ บริการจัดส่งทั่วทุกพื้นที่ในประเทศไทย ❤️ ลูกค้าสามารถกดสั่งซื้อสินค้าได้ทุกวัน จัดส่งสินค้าภายใน 3 วัน ❤️ หลังจากได้รับสินค้าแล้วกรุณาตรวจเช็คสินค้า และถ่ายคลิปขณะเปิดกล่องสินค้า เพื่อป้องกันกรณีสินค้ามีปัญหา มิฉะนั้นทางเราจะขอสงวนสิทธิ์ในการรับเคลมสินค้าทุกกรณี หากพบปัญหาสามารถแจ้งกับแอดมินร้านได้เลยค่ะ ❤️ #ผลิตภัณฑ์คุณภาพจากเครือซีพี #ให้ทุกคำสร้างวันดีดี,https://f.btwcdn.com/store-50970/product-thumb/b0b9596b-94f2-cec3-5f4c-673d700b8abf.jpg,https://shop.cpbrandsite.com/th/product/1048455/nutrimax-6?page=2&category_id=133840,฿ 450.00,฿ 534.00,15.73
41,InnoWeness NutriMax อาหารสูตรครบถ้วนพร้อมรับประทาน จำนวน 36 ซอง,฿ 2;700.00 ฿ 3;204.00,❤️ CP Official Shop ❤️ ‼️อร่อยง่าย ฟินได้ไม่สะดุด ไปกับ CP‼️ ✨พิเศษโค้ดส่วนลด เฉพาะที่ CP ONLINE SHOP Brand.com  ส่วนลด 50.- เมื่อซื้อครบ 500.- เพียงกรอกโค้ด NTM050 ส่วนลด 400.- เมื่อซื้อครบ 1;500.- เพียงกรอกโค้ด NTM400 ส่วนลด 1;000.- เมื่อซื้อครบ 3;000.- เพียงกรอกโค้ด NTM1000 (ตั้งแต่วันที่ 4 พ.ย. 67 - 30 พ.ย. 67 นี้เท่านั้น)               InnoWeness NutriMax อาหารสูตรครบถ้วนพร้อมรับประทาน   อาหารสูตรครบถ้วน บอกลานมเลี่ยนๆ ได้โปรตีนหลักจากอกไก่และไข่ พร้อมวิตามินและแร่ธาตุรวม 20 ชนิด สามารถทานแทนมื้ออาหารได้ อยู่ในรูปแบบอาหารเหลว ซุป ทานงานเพียงฉีกซอง   เหมาะสำหรับ -ผู้สูงอายุ ผู้สูงวัย -ผู้ป่วยระยะพักฟื้น -ผู้ที่มีภาวะขาดสารอาหาร หรือได้รับปริมาณสารอาหารไม่เพียงพอ -ผู้ป่วยทั้วไปที่ได้รับอาหารทางสายให้อาหาร (ผ่านระบบทางเดินอาหารและสายสวนกระเพาะอาหาร)   ใช้กระบวนการผลิตด้วยกรรมวิธีเดียวกับอาหารทางการแพทย์ ที่ช่วยรักษาคุณค่าทางสารอาหารได้ดี และปลอดภัย สามารถรับประทานได้เลย หรือนำไปครีเอทเป็นเมนูต่างๆเพื่อแก้ปัญหาการเบื่ออาหารของผู้สูงอายุ เป็นเมนูทางเลือกได้เป็นต้น   ส่วนประกอบ : น้ำ 55.63% เนื้ออกไก่ 17.80% กลูโคสไซรัป 11.30% ฟักทอง 5.90% ไข่ 4.50% น้ำมันรำข้าว 2.50% มอลโทเดกซ์ทริน 0.90% เกลือแร่รวม 0.55% วิตามินรวม 0.03% วัตถุเจือปนอาหาร (INS322(II))   ข้อมูลสำหรับผู้แพ้อาหาร : มีไข่และถั่วเหลือง   วิธีการรับประทาน 1. เขย่าถุงอาหารให้เป็นเนื้อเดียวกัน ฉีกซองเทใส่ภาชนะ สามารถรับประทานได้ทันที 2. หากต้องการความอร่อย สามารถอุ่นร้อนโดยการต้มทั้งถุง หรือ เทใส่ภาชนะอุ่นไม่โครเวฟ 3. สำหรับการให้อาหารทางสายให้อาหาร เขย่าถุงอาหารให้เป็นเนื้อเดียวกัน ฉีกซองเทใส่ภาชนะสำหรับให้อาหารทางสายให้อาหาร ---------------------------------------- ❤️ สินค้าควรจัดเก็บในอุณหภูมิตามที่ระบุไว้บนฉลาก เพื่อรสชาติที่ดีและคงคุณภาพของอาหาร ❤️ สั่งซื้อภายในวันจันทร์ - ศุกร์ ก่อน 17.00น. จัดส่งสินค้าภายใน 1-3 วันทำการ สั่งซื้อวันศุกร์หลัง 17.00 จะได้รับสินค้า ภายใน2-4วันทำการ ❤️ บริการจัดส่งทั่วทุกพื้นที่ในประเทศไทย ❤️ ลูกค้าสามารถกดสั่งซื้อสินค้าได้ทุกวัน จัดส่งสินค้าภายใน 3 วัน ❤️ หลังจากได้รับสินค้าแล้วกรุณาตรวจเช็คสินค้า และถ่ายคลิปขณะเปิดกล่องสินค้า เพื่อป้องกันกรณีสินค้ามีปัญหา มิฉะนั้นทางเราจะขอสงวนสิทธิ์ในการรับเคลมสินค้าทุกกรณี หากพบปัญหาสามารถแจ้งกับแอดมินร้านได้เลยค่ะ ❤️ #ผลิตภัณฑ์คุณภาพจากเครือซีพี #ให้ทุกคำสร้างวันดีดี,https://f.btwcdn.com/store-50970/product-thumb/d6eea263-22e4-32bf-2fd4-673d70f91df1.jpg,https://shop.cpbrandsite.com/th/product/1048287/product-1048287?page=2&category_id=133840,"฿ 2,700.00","฿ 3,204.00",15.73
